Home Décor,Home Décor,Home Décor,Home Décor,Home Décor,Home Décor,Home Décor,Home Décor,Home Décor,Home Décor,Home Décor,Home Décor,Home Décor,Home Décor,Home Décor,Home Décor,Home Décor,Home Décor,Home Décor,Home Décor
Home Décor,Home Décor,Home Décor,Home Décor,Home Décor,Home Décor,Home Décor,Home Décor,Home Décor,Home Décor,Home Décor,Home Décor,Home Décor,Home Décor,Home Décor,IKEA food & restaurant,IKEA food & restaurant,IKEA food & restaurant,Home Décor,Home Décor
Baby & kids,Beds & mattresses,Beds & mattresses,Beds & mattresses,Beds & mattresses,Baby & kids,Beds & mattresses,Baby & kids,Beds & mattresses,Beds & mattresses,Beds & mattresses,Beds & mattresses,Beds & mattresses,Beds & mattresses,Beds & mattresses,Beds & mattresses,Beds & mattresses,Beds & mattresses,Beds & mattresses,Beds & mattresses
IKEA food & restaurant,IKEA food & restaurant,IKEA food & restaurant,Home Décor,Home Décor,Home Décor,Home Décor,Home Décor,Home Décor,Home Décor,Home Décor,Home Décor,Home Décor,Home Décor,Home Décor,Home Décor,Home Décor,Home Décor,IKEA food & restaurant,Home Décor
Home Décor,IKEA food & restaurant,Lighting,Lighting,Home Décor,IKEA food & restaurant,IKEA food & restaurant,Home Décor,Home Décor,Home Décor,Home Décor,Home Décor,Home Décor,Home Décor,Home Décor,Home Décor,Home Décor,Home Décor,Home Décor,Home Décor
Beds & mattresses,Beds & mattresses,Beds & mattresses,Beds & mattresses,Beds & mattresses,Beds & mattresses,Beds & mattresses,Beds & mattresses,Beds & mattresses,Beds & mattresses,Beds & mattresses,Beds & mattresses,Beds & mattresses,Beds & mattresses,Baby & kids,Baby & kids,Beds & mattresses,Baby & kids,Beds & mattresses,Beds & mattresses
Baby & kids,Beds & mattresses,Beds & mattresses,Beds & mattresses,Beds & mattresses,Baby & kids,Baby & kids,Beds & mattresses,Beds & mattresses,Beds & mattresses,Beds & mattresses,Beds & mattresses,Beds & mattresses,Beds & mattresses,Beds & mattresses,Beds & mattresses,Beds & mattresses,Beds & mattresses,Beds & mattresses,Baby & kids
Beds & mattresses,Beds & mattresses,Rugs,Rugs,Beds & mattresses,Beds & mattresses,Beds & mattresses,Beds & mattresses,Beds & mattresses,Bathroom,Home Textiles,Beds & mattresses,Furniture,Beds & mattresses,Beds & mattresses,Furniture,Furniture,Furniture,Furniture,Furniture
Home Décor,Home Décor,Home Décor,Home Décor,Home Décor,Home Décor,Home Décor,Home Décor,Home Décor,Home Décor,Home Décor,Home Décor,Home Décor,Home Décor,Home Décor,Home Décor,Home Décor,Home Décor,Home Décor,Home Décor
Baby & kids,Rugs,Home Décor,Home Décor,Furniture,Furniture,Furniture,Gardening & plants,Outdoor,Furniture,Furniture,Furniture,Furniture,Furniture,Furniture,Furniture,Furniture,Furniture,Furniture,Outdoor
Furniture,Furniture,Furniture,Furniture,Furniture,Furniture,Furniture,Outdoor,Furniture,Furniture,Furniture,Furniture,Furniture,Furniture,Furniture,Furniture,Furniture,Furniture,Furniture,Furniture
Furniture,Furniture,Beds & mattresses,Beds & mattresses,Beds & mattresses,Beds & mattresses,Furniture,Furniture,Furniture,Furniture,Furniture,Furniture,Furniture,Furniture,Beds & mattresses,Beds & mattresses,Beds & mattresses,Beds & mattresses,Beds & mattresses,Beds & mattresses
Furniture,Furniture,Furniture,Rugs,Furniture,Furniture,Storage & organization,Storage & organization,Pet accessories,Pet accessories,Furniture,Furniture,Beds & mattresses,Furniture,Rugs,Furniture,Furniture,Rugs,Rugs,Rugs
Beds & mattresses,Beds & mattresses,Lighting,Lighting,Lighting,Lighting,Lighting,Lighting,Lighting,Lighting,Bathroom,Bathroom,Beds & mattresses,Beds & mattresses,Beds & mattresses,Beds & mattresses,Beds & mattresses,Beds & mattresses,Beds & mattresses,Beds & mattresses
IKEA food & restaurant,IKEA food & restaurant,Home Décor,Home Décor,Home Décor,Home Décor,Home Décor,Home Décor,Home Décor,Home Décor,Home Décor,Home Décor,Home Décor,Home Décor,Home Décor,Home Décor,Home Décor,Home Décor,Home Décor,Home Décor
Baby & kids,Bathroom,Bathroom,Beds & mattresses,Lighting,Lighting,Lighting,Lighting,Lighting,Lighting,Lighting,Lighting,Baby & kids,Beds & mattresses,Beds & mattresses,Beds & mattresses,Beds & mattresses,Cookware & tableware,Beds & mattresses,Baby & kids
Home Décor,IKEA food & restaurant,Lighting,Lighting,Lighting,Lighting,Lighting,Home Décor,Home Décor,Home Décor,Home Décor,Home Décor,Home Décor,Home Décor,Home Décor,Home Décor,Home Décor,Home Décor,Home Décor,Home Décor
Storage & organization,Kitchen & appliances,Kitchen & appliances,Kitchen & appliances,Kitchen & appliances,Storage & organization,Kitchen & appliances,Storage & organization,Storage & organization,Storage & organization,Storage & organization,Storage & organization,Storage & organization,Storage & organization,Lighting,Kitchen & appliances,Kitchen & appliances,Lighting,Lighting,Lighting
Storage & organization,Storage & organization,Storage & organization,Furniture,Storage & organization,Storage & organization,Furniture,Storage & organization,Storage & organization,Storage & organization,Storage & organization,Storage & organization,Storage & organization,Storage & organization,Storage & organization,Storage & organization,Storage & organization,Storage & organization,Storage & organization,Storage & organization
Baby & kids,Beds & mattresses,Beds & mattresses,Beds & mattresses,Beds & mattresses,Baby & kids,Baby & kids,Beds & mattresses,Beds & mattresses,Beds & mattresses,Beds & mattresses,Beds & mattresses,Beds & mattresses,Beds & mattresses,Beds & mattresses,Beds & mattresses,Beds & mattresses,Beds & mattresses,Beds & mattresses,Beds & mattresses
Furniture,Furniture,Storage & organization,Beds & mattresses,Furniture,Furniture,Furniture,Furniture,Storage & organization,Furniture,Furniture,Beds & mattresses,Storage & organization,Beds & mattresses,Furniture,Furniture,Furniture,Furniture,Beds & mattresses,Beds & mattresses
Beds & mattresses,Baby & kids,Beds & mattresses,Baby & kids,Bathroom,Bathroom,Home Décor,Cookware & tableware,Lighting,Lighting,Lighting,Lighting,Lighting,Lighting,Lighting,Lighting,Baby & kids,Home Décor,Home Décor,Home Décor
Storage & organization,Storage & organization,Home Décor,Storage & organization,Baby & kids,Storage & organization,Storage & organization,Pet accessories,Storage & organization,Home Décor,Storage & organization,Home Décor,Storage & organization,Bathroom,Bathroom,Bathroom,Bathroom,Furniture,Laundry & cleaning,Laundry & cleaning
Furniture,Furniture,Beds & mattresses,Beds & mattresses,Beds & mattresses,Beds & mattresses,Beds & mattresses,Beds & mattresses,Beds & mattresses,Beds & mattresses,Beds & mattresses,Beds & mattresses,Baby & kids,Beds & mattresses,Beds & mattresses,Beds & mattresses,Furniture,Furniture,Furniture,Furniture
Storage & organization,Storage & organization,Storage & organization,Furniture,Storage & organization,Storage & organization,Storage & organization,Storage & organization,Storage & organization,Storage & organization,Storage & organization,Storage & organization,Storage & organization,Storage & organization,Storage & organization,Storage & organization,Storage & organization,Storage & organization,Storage & organization,Storage & organization
Beds & mattresses,Beds & mattresses,Beds & mattresses,Beds & mattresses,Baby & kids,Beds & mattresses,Baby & kids,Beds & mattresses,Baby & kids,Beds & mattresses,Beds & mattresses,Beds & mattresses,Beds & mattresses,Beds & mattresses,Beds & mattresses,Beds & mattresses,Beds & mattresses,Beds & mattresses,Beds & mattresses,Beds & mattresses
Beds & mattresses,Beds & mattresses,Beds & mattresses,Beds & mattresses,Beds & mattresses,Furniture,Furniture,Baby & kids,Beds & mattresses,Beds & mattresses,Beds & mattresses,Beds & mattresses,Beds & mattresses,Beds & mattresses,Beds & mattresses,Beds & mattresses,Beds & mattresses,Beds & mattresses,Beds & mattresses,Beds & mattresses
Home Décor,Home Décor,Baby & kids,Home Décor,Home Décor,Home Décor,Home Décor,Home Décor,Home Décor,Home Décor,Home Décor,Beds & mattresses,Home Décor,Rugs,Rugs,Home Décor,Home Décor,Home Décor,Home Décor,IKEA food & restaurant
Beds & mattresses,Beds & mattresses,Baby & kids,IKEA food & restaurant,IKEA food & restaurant,Home Décor,Home Décor,Bathroom,Bathroom,Home Décor,Home Décor,Home Textiles,Home Décor,Home Décor,Home Décor,Home Décor,Home Décor,Home Décor,Home Décor,Home Décor
Furniture,Furniture,Furniture,Storage & organization,Furniture,Furniture,Furniture,Furniture,Beds & mattresses,Furniture,Beds & mattresses,Furniture,Furniture,Furniture,Storage & organization,Storage & organization,Furniture,Pet accessories,Furniture,Furniture
Storage & organization,Storage & organization,Furniture,Furniture,Laundry & cleaning,Furniture,Furniture,Furniture,Furniture,Furniture,Furniture,Furniture,Storage & organization,Home Décor,Storage & organization,Furniture,Storage & organization,Furniture,Furniture,Furniture
Beds & mattresses,Beds & mattresses,Beds & mattresses,Beds & mattresses,Beds & mattresses,Baby & kids,Beds & mattresses,Baby & kids,Baby & kids,Beds & mattresses,Beds & mattresses,Beds & mattresses,Beds & mattresses,Beds & mattresses,Beds & mattresses,Beds & mattresses,Beds & mattresses,Beds & mattresses,Beds & mattresses,Beds & mattresses
Beds & mattresses,Beds & mattresses,Beds & mattresses,Beds & mattresses,Beds & mattresses,Beds & mattresses,Beds & mattresses,Beds & mattresses,Beds & mattresses,Beds & mattresses,Beds & mattresses,Beds & mattresses,Beds & mattresses,Beds & mattresses,Beds & mattresses,Beds & mattresses,Baby & kids,Baby & kids,Baby & kids,Baby & kids
Kitchen & appliances,Storage & organization,Kitchen & appliances,Kitchen & appliances,Storage & organization,Storage & organization,Kitchen & appliances,Kitchen & appliances,Storage & organization,Storage & organization,Storage & organization,Storage & organization,Storage & organization,Storage & organization,Lighting,Home Décor,Home Décor,Home Décor,Home Décor,Home Décor
Beds & mattresses,Storage & organization,Beds & mattresses,Furniture,Furniture,Beds & mattresses,Beds & mattresses,Furniture,Furniture,Furniture,Furniture,Furniture,Furniture,Furniture,Beds & mattresses,Beds & mattresses,Beds & mattresses,Furniture,Pet accessories,Pet accessories
Kitchen & appliances,Storage & organization,Kitchen & appliances,Storage & organization,Kitchen & appliances,Kitchen & appliances,Kitchen & appliances,Storage & organization,Storage & organization,Storage & organization,Storage & organization,Storage & organization,Storage & organization,Storage & organization,Kitchen & appliances,Cookware & tableware,Kitchen & appliances,Kitchen & appliances,Kitchen & appliances,Kitchen & appliances
Beds & mattresses,Beds & mattresses,Beds & mattresses,Beds & mattresses,Baby & kids,Beds & mattresses,Baby & kids,Baby & kids,Beds & mattresses,Beds & mattresses,Beds & mattresses,Beds & mattresses,Beds & mattresses,Beds & mattresses,Beds & mattresses,Beds & mattresses,Beds & mattresses,Beds & mattresses,Beds & mattresses,Beds & mattresses
Kitchen & appliances,Kitchen & appliances,Kitchen & appliances,Storage & organization,Kitchen & appliances,Storage & organization,Storage & organization,Kitchen & appliances,Storage & organization,Storage & organization,Storage & organization,Storage & organization,Storage & organization,Storage & organization,Kitchen & appliances,Kitchen & appliances,Kitchen & appliances,Kitchen & appliances,Kitchen & appliances,Furniture
Beds & mattresses,Beds & mattresses,Beds & mattresses,Beds & mattresses,Beds & mattresses,Beds & mattresses,Baby & kids,Beds & mattresses,Beds & mattresses,Beds & mattresses,Beds & mattresses,Beds & mattresses,Beds & mattresses,Beds & mattresses,Beds & mattresses,Beds & mattresses,Beds & mattresses,Baby & kids,Baby & kids,Beds & mattresses
Beds & mattresses,Baby & kids,Home Textiles,Beds & mattresses,Beds & mattresses,Baby & kids,Baby & kids,Beds & mattresses,Beds & mattresses,Baby & kids,Beds & mattresses,Beds & mattresses,Beds & mattresses,Beds & mattresses,Beds & mattresses,Beds & mattresses,Beds & mattresses,Beds & mattresses,Beds & mattresses,Home Textiles
Beds & mattresses,Beds & mattresses,Baby & kids,IKEA food & restaurant,IKEA food & restaurant,Home Textiles,Bathroom,Bathroom,Baby & kids,Beds & mattresses,Home Décor,Home Décor,Beds & mattresses,Lighting,Lighting,Lighting,Lighting,Lighting,Lighting,Lighting
Storage & organization,Furniture,Storage & organization,Storage & organization,Storage & organization,Storage & organization,Storage & organization,Storage & organization,Storage & organization,Storage & organization,Storage & organization,Storage & organization,Storage & organization,Storage & organization,Storage & organization,Storage & organization,Storage & organization,Storage & organization,Storage & organization,Storage & organization
Home Décor,Home Décor,Home Décor,Home Décor,Home Décor,Home Décor,Home Décor,Home Décor,Home Décor,Home Décor,Home Décor,Home Décor,Home Décor,Home Décor,Home Décor,IKEA food & restaurant,Home Décor,Home Décor,Home Décor,Home Décor
Home Décor,Home Décor,Home Décor,Home Décor,Home Décor,Home Décor,Home Décor,Home Décor,Home Décor,Home Décor,Home Décor,Home Décor,Home Décor,Home Décor,Home Décor,Beds & mattresses,Home Décor,Home Décor,Home Décor,Home Décor
Baby & kids,Beds & mattresses,Beds & mattresses,Beds & mattresses,Beds & mattresses,Beds & mattresses,Baby & kids,Baby & kids,Beds & mattresses,Beds & mattresses,Beds & mattresses,Beds & mattresses,Beds & mattresses,Beds & mattresses,Beds & mattresses,Beds & mattresses,Beds & mattresses,Beds & mattresses,Beds & mattresses,Beds & mattresses
Furniture,Furniture,Furniture,Furniture,Furniture,Furniture,Furniture,Furniture,Furniture,Furniture,Home Décor,Furniture,Furniture,Furniture,Rugs,Home Décor,Furniture,Furniture,Home Décor,Home Décor
Baby & kids,Beds & mattresses,Beds & mattresses,Beds & mattresses,Beds & mattresses,Beds & mattresses,Baby & kids,Baby & kids,Beds & mattresses,Beds & mattresses,Beds & mattresses,Beds & mattresses,Beds & mattresses,Beds & mattresses,Beds & mattresses,Beds & mattresses,Beds & mattresses,Beds & mattresses,Beds & mattresses,Beds & mattresses
Furniture,Furniture,Furniture,Furniture,Storage & organization,Furniture,Furniture,Furniture,Furniture,Furniture,Beds & mattresses,Furniture,Furniture,Furniture,Furniture,Outdoor,Furniture,Pet accessories,Furniture,Furniture
Beds & mattresses,Beds & mattresses,Beds & mattresses,Beds & mattresses,Baby & kids,Beds & mattresses,Beds & mattresses,Baby & kids,Baby & kids,Baby & kids,Beds & mattresses,Beds & mattresses,Beds & mattresses,Beds & mattresses,Beds & mattresses,Beds & mattresses,Beds & mattresses,Beds & mattresses,Beds & mattresses,Beds & mattresses
Baby & kids,Beds & mattresses,Baby & kids,Beds & mattresses,Baby & kids,Beds & mattresses,Beds & mattresses,Beds & mattresses,Beds & mattresses,Beds & mattresses,Beds & mattresses,Beds & mattresses,Beds & mattresses,Beds & mattresses,Beds & mattresses,Beds & mattresses,Beds & mattresses,Beds & mattresses,Beds & mattresses,Beds & mattresses
Furniture,Furniture,Beds & mattresses,Beds & mattresses,Beds & mattresses,Beds & mattresses,Beds & mattresses,Beds & mattresses,Beds & mattresses,Beds & mattresses,Furniture,Furniture,Furniture,Furniture,Furniture,Furniture,Furniture,Furniture,Beds & mattresses,Beds & mattresses
Beds & mattresses,Beds & mattresses,Beds & mattresses,Beds & mattresses,Beds & mattresses,Baby & kids,Baby & kids,Beds & mattresses,Baby & kids,Beds & mattresses,Beds & mattresses,Beds & mattresses,Beds & mattresses,Beds & mattresses,Beds & mattresses,Beds & mattresses,Beds & mattresses,Beds & mattresses,Beds & mattresses,Beds & mattresses
Beds & mattresses,Baby & kids,Beds & mattresses,Bathroom,Bathroom,Beds & mattresses,Baby & kids,Beds & mattresses,Beds & mattresses,Lighting,Lighting,Lighting,Lighting,Lighting,Lighting,Lighting,Lighting,Beds & mattresses,Home Textiles,Beds & mattresses
Furniture,Furniture,Beds & mattresses,Beds & mattresses,Beds & mattresses,Beds & mattresses,Beds & mattresses,Beds & mattresses,Beds & mattresses,Beds & mattresses,Beds & mattresses,Baby & kids,Beds & mattresses,Furniture,Furniture,Furniture,Furniture,Furniture,Furniture,Furniture
Beds & mattresses,Beds & mattresses,Beds & mattresses,Beds & mattresses,Beds & mattresses,Baby & kids,Beds & mattresses,Furniture,Furniture,Beds & mattresses,Beds & mattresses,Beds & mattresses,Beds & mattresses,Beds & mattresses,Beds & mattresses,Beds & mattresses,Beds & mattresses,Beds & mattresses,Beds & mattresses,Beds & mattresses
Beds & mattresses,Beds & mattresses,Beds & mattresses,Beds & mattresses,Beds & mattresses,Beds & mattresses,Beds & mattresses,Beds & mattresses,Beds & mattresses,Beds & mattresses,Beds & mattresses,Beds & mattresses,Beds & mattresses,Beds & mattresses,Baby & kids,Beds & mattresses,Baby & kids,Baby & kids,Beds & mattresses,Baby & kids
Beds & mattresses,Beds & mattresses,Baby & kids,IKEA food & restaurant,IKEA food & restaurant,Home Décor,Home Décor,Bathroom,Bathroom,Home Décor,Home Décor,Lighting,Lighting,Lighting,Lighting,Lighting,Lighting,Lighting,Lighting,Home Décor
Beds & mattresses,Beds & mattresses,Home Textiles,Baby & kids,Baby & kids,Bathroom,Bathroom,Beds & mattresses,Lighting,Lighting,Lighting,Lighting,Lighting,Lighting,Lighting,Lighting,Baby & kids,Beds & mattresses,Beds & mattresses,Beds & mattresses
Furniture,Furniture,Beds & mattresses,Beds & mattresses,Beds & mattresses,Beds & mattresses,Furniture,Furniture,Furniture,Furniture,Furniture,Furniture,Furniture,Furniture,Beds & mattresses,Beds & mattresses,Beds & mattresses,Beds & mattresses,Beds & mattresses,Furniture
Beds & mattresses,Home Textiles,Beds & mattresses,Beds & mattresses,Baby & kids,Beds & mattresses,Beds & mattresses,Baby & kids,Beds & mattresses,Beds & mattresses,Beds & mattresses,Beds & mattresses,Beds & mattresses,Beds & mattresses,Beds & mattresses,Beds & mattresses,Baby & kids,Baby & kids,Bathroom,Bathroom
Beds & mattresses,Beds & mattresses,Beds & mattresses,Beds & mattresses,Beds & mattresses,Baby & kids,Beds & mattresses,Baby & kids,Baby & kids,Beds & mattresses,Beds & mattresses,Beds & mattresses,Beds & mattresses,Beds & mattresses,Beds & mattresses,Beds & mattresses,Beds & mattresses,Beds & mattresses,Beds & mattresses,Baby & kids
Furniture,Furniture,Furniture,Furniture,Furniture,Furniture,Furniture,Furniture,Outdoor,Furniture,Storage & organization,Furniture,Furniture,Furniture,Furniture,Furniture,Furniture,Pet accessories,Beds & mattresses,Furniture
Home Décor,Home Décor,Home Décor,Home Décor,Home Décor,Home Décor,Home Décor,Home Décor,Home Décor,Home Décor,Home Décor,Home Décor,Home Décor,Home Décor,Home Décor,Home Décor,Home Décor,Home Décor,Home Décor,Cookware & tableware
Beds & mattresses,Beds & mattresses,Beds & mattresses,Beds & mattresses,Beds & mattresses,Baby & kids,Beds & mattresses,Beds & mattresses,Beds & mattresses,Beds & mattresses,Beds & mattresses,Beds & mattresses,Beds & mattresses,Beds & mattresses,Beds & mattresses,Beds & mattresses,Beds & mattresses,Beds & mattresses,Beds & mattresses,Beds & mattresses
IKEA food & restaurant,Home Décor,Home Décor,Home Décor,Home Décor,Home Décor,Home Décor,Home Décor,Home Décor,Home Décor,Home Décor,Home Décor,Home Décor,Home Décor,Home Décor,Home Décor,IKEA food & restaurant,IKEA food & restaurant,IKEA food & restaurant,Home Décor
Home Décor,Home Décor,Home Décor,Home Décor,Home Décor,Home Décor,Home Décor,Home Décor,Home Décor,Home Décor,Home Décor,Home Décor,Home Décor,Home Décor,Home Décor,Home Décor,Home Décor,Home Décor,Home Décor,Lighting
Rugs,Home Décor,Home Décor,Baby & kids,Baby & kids,Gardening & plants,Home Décor,Home Décor,Home Décor,Cookware & tableware,Rugs,Gardening & plants,Cookware & tableware,Home Décor,Home Décor,Home Décor,Home Décor,Furniture,Home Décor,Home Décor
Beds & mattresses,Beds & mattresses,Baby & kids,Home Textiles,Baby & kids,Bathroom,Bathroom,Beds & mattresses,Beds & mattresses,Beds & mattresses,Baby & kids,Beds & mattresses,Beds & mattresses,Beds & mattresses,Beds & mattresses,Baby & kids,Beds & mattresses,Baby & kids,Beds & mattresses,Lighting
Furniture,Furniture,Beds & mattresses,Beds & mattresses,Beds & mattresses,Beds & mattresses,Furniture,Furniture,Furniture,Furniture,Furniture,Furniture,Furniture,Furniture,Beds & mattresses,Beds & mattresses,Storage & organization,Beds & mattresses,Beds & mattresses,Beds & mattresses
Beds & mattresses,Beds & mattresses,Beds & mattresses,Beds & mattresses,Beds & mattresses,Beds & mattresses,Baby & kids,Beds & mattresses,Beds & mattresses,Beds & mattresses,Beds & mattresses,Beds & mattresses,Beds & mattresses,Beds & mattresses,Beds & mattresses,Beds & mattresses,Baby & kids,Beds & mattresses,Baby & kids,Baby & kids
Home Décor,Home Décor,Home Décor,Home Décor,Home Décor,Home Décor,Home Décor,Home Décor,Home Décor,Home Décor,Home Décor,Home Décor,Home Décor,Home Décor,Home Décor,Home Décor,Home Décor,Home Décor,Home Décor,Home Décor
Furniture,Furniture,Rugs,Rugs,Storage & organization,Furniture,Furniture,Furniture,Furniture,Furniture,Rugs,Furniture,Home Décor,Storage & organization,Pet accessories,Storage & organization,Furniture,Rugs,Furniture,Rugs
Beds & mattresses,Beds & mattresses,Beds & mattresses,Beds & mattresses,Beds & mattresses,Baby & kids,Beds & mattresses,Beds & mattresses,Baby & kids,Baby & kids,Beds & mattresses,Beds & mattresses,Beds & mattresses,Beds & mattresses,Beds & mattresses,Beds & mattresses,Beds & mattresses,Beds & mattresses,Beds & mattresses,Baby & kids
Beds & mattresses,Beds & mattresses,Beds & mattresses,Beds & mattresses,Beds & mattresses,Baby & kids,Beds & mattresses,Beds & mattresses,Beds & mattresses,Beds & mattresses,Beds & mattresses,Beds & mattresses,Beds & mattresses,Beds & mattresses,Beds & mattresses,Beds & mattresses,Beds & mattresses,Beds & mattresses,Beds & mattresses,Beds & mattresses
Beds & mattresses,IKEA food & restaurant,IKEA food & restaurant,Home Décor,Home Décor,Home Décor,Home Décor,Home Décor,Home Décor,Home Décor,Home Décor,Home Décor,Home Décor,Home Décor,Home Décor,Home Décor,Home Décor,Home Décor,Home Décor,Home Décor
Furniture,Furniture,Furniture,Storage & organization,Furniture,Beds & mattresses,Furniture,Furniture,Furniture,Furniture,Storage & organization,Beds & mattresses,Furniture,Furniture,Storage & organization,Furniture,Furniture,Furniture,Furniture,Furniture
Furniture,Furniture,Furniture,Furniture,Furniture,Furniture,Furniture,Furniture,Furniture,Outdoor,Furniture,Furniture,Furniture,Furniture,Furniture,Furniture,Furniture,Furniture,Storage & organization,Furniture
Beds & mattresses,Baby & kids,Home Textiles,Beds & mattresses,Beds & mattresses,Baby & kids,Baby & kids,Beds & mattresses,Beds & mattresses,Beds & mattresses,Beds & mattresses,Beds & mattresses,Baby & kids,Beds & mattresses,Beds & mattresses,Beds & mattresses,Beds & mattresses,Beds & mattresses,Beds & mattresses,Beds & mattresses
Beds & mattresses,Beds & mattresses,Beds & mattresses,Beds & mattresses,Baby & kids,Beds & mattresses,Beds & mattresses,Beds & mattresses,Beds & mattresses,Beds & mattresses,Beds & mattresses,Beds & mattresses,Beds & mattresses,Beds & mattresses,Beds & mattresses,Beds & mattresses,Beds & mattresses,Beds & mattresses,Beds & mattresses,Beds & mattresses
Furniture,Furniture,Furniture,Furniture,Outdoor,Furniture,Furniture,Furniture,Furniture,Furniture,Furniture,Furniture,Furniture,Furniture,Furniture,Home Décor,Furniture,Furniture,Home Décor,Furniture
Beds & mattresses,Furniture,Furniture,Furniture,Furniture,Furniture,Furniture,Furniture,Furniture,Furniture,Furniture,Beds & mattresses,Beds & mattresses,Beds & mattresses,Beds & mattresses,Beds & mattresses,Storage & organization,Beds & mattresses,Beds & mattresses,Furniture
Beds & mattresses,Beds & mattresses,Beds & mattresses,Beds & mattresses,Beds & mattresses,Baby & kids,Beds & mattresses,Baby & kids,Baby & kids,Beds & mattresses,Beds & mattresses,Beds & mattresses,Beds & mattresses,Beds & mattresses,Beds & mattresses,Beds & mattresses,Beds & mattresses,Beds & mattresses,Beds & mattresses,Beds & mattresses
Baby & kids,Beds & mattresses,Rugs,Home Textiles,Beds & mattresses,Baby & kids,Baby & kids,Beds & mattresses,Beds & mattresses,Beds & mattresses,Baby & kids,Beds & mattresses,Beds & mattresses,Baby & kids,Beds & mattresses,Beds & mattresses,Beds & mattresses,Baby & kids,Bathroom,Bathroom
Beds & mattresses,Storage & organization,Beds & mattresses,Furniture,Furniture,Furniture,Furniture,Furniture,Beds & mattresses,Beds & mattresses,Furniture,Furniture,Furniture,Beds & mattresses,Pet accessories,Pet accessories,Storage & organization,Beds & mattresses,Furniture,Beds & mattresses
Beds & mattresses,Beds & mattresses,Beds & mattresses,Beds & mattresses,Beds & mattresses,Baby & kids,Beds & mattresses,Beds & mattresses,Beds & mattresses,Beds & mattresses,Beds & mattresses,Beds & mattresses,Beds & mattresses,Beds & mattresses,Beds & mattresses,Beds & mattresses,Beds & mattresses,Beds & mattresses,Beds & mattresses,Beds & mattresses
Storage & organization,Storage & organization,Furniture,Furniture,Furniture,Laundry & cleaning,Furniture,Furniture,Furniture,Furniture,Furniture,Furniture,Storage & organization,Storage & organization,Furniture,Furniture,Home Décor,Furniture,Storage & organization,Storage & organization
Furniture,Furniture,Furniture,Furniture,Furniture,Furniture,Furniture,Storage & organization,Furniture,Furniture,Outdoor,Furniture,Furniture,Furniture,Furniture,Furniture,Beds & mattresses,Home Décor,Home Décor,Pet accessories
Home Décor,Home Décor,Home Décor,Home Décor,Home Décor,Home Décor,Home Décor,Home Décor,Home Décor,Home Décor,Home Décor,Home Décor,Home Décor,Home Décor,Home Décor,Home Décor,Home Décor,Home Décor,Home Décor,Lighting
Baby & kids,Storage & organization,Home Décor,Home Décor,Home Décor,Home Décor,Home Décor,Home Décor,Home Décor,Home Décor,Home Décor,Home Décor,Home Décor,Home Décor,Home Décor,Home Décor,Home Décor,Home Décor,Home Décor,Storage & organization
Beds & mattresses,Beds & mattresses,Beds & mattresses,Baby & kids,Beds & mattresses,Beds & mattresses,Baby & kids,Baby & kids,Beds & mattresses,Beds & mattresses,Beds & mattresses,Beds & mattresses,Beds & mattresses,Beds & mattresses,Beds & mattresses,Beds & mattresses,Beds & mattresses,Beds & mattresses,Beds & mattresses,Baby & kids
Furniture,Furniture,Rugs,Rugs,Furniture,Rugs,Rugs,Rugs,Rugs,Rugs,Rugs,Furniture,Rugs,Rugs,Rugs,Rugs,Home Décor,Rugs,Rugs,Rugs
Storage & organization,Storage & organization,Storage & organization,Kitchen & appliances,Kitchen & appliances,Storage & organization,Kitchen & appliances,Kitchen & appliances,Kitchen & appliances,Storage & organization,Storage & organization,Furniture,Furniture,Storage & organization,Storage & organization,Storage & organization,Storage & organization,Furniture,Furniture,Storage & organization
Beds & mattresses,Beds & mattresses,Beds & mattresses,Beds & mattresses,Baby & kids,Beds & mattresses,Baby & kids,Baby & kids,Beds & mattresses,Beds & mattresses,Beds & mattresses,Beds & mattresses,Beds & mattresses,Beds & mattresses,Beds & mattresses,Beds & mattresses,Beds & mattresses,Beds & mattresses,Baby & kids,Baby & kids
Beds & mattresses,Beds & mattresses,Beds & mattresses,Beds & mattresses,Beds & mattresses,Baby & kids,Beds & mattresses,Baby & kids,Baby & kids,Beds & mattresses,Beds & mattresses,Beds & mattresses,Beds & mattresses,Beds & mattresses,Beds & mattresses,Beds & mattresses,Beds & mattresses,Beds & mattresses,Rugs,Baby & kids
Beds & mattresses,Beds & mattresses,Beds & mattresses,Beds & mattresses,Beds & mattresses,Baby & kids,Beds & mattresses,Beds & mattresses,Furniture,Furniture,Beds & mattresses,Beds & mattresses,Beds & mattresses,Beds & mattresses,Beds & mattresses,Beds & mattresses,Beds & mattresses,Beds & mattresses,Beds & mattresses,Beds & mattresses
Home Décor,Home Décor,Home Décor,Home Décor,Home Décor,Home Décor,Home Décor,Home Décor,Home Décor,Home Décor,Home Décor,Home Décor,Home Décor,Home Décor,Home Décor,Home Décor,IKEA food & restaurant,Beds & mattresses,IKEA food & restaurant,IKEA food & restaurant
Kitchen & appliances,Kitchen & appliances,Storage & organization,Kitchen & appliances,Storage & organization,Storage & organization,Kitchen & appliances,Kitchen & appliances,Storage & organization,Storage & organization,Storage & organization,Storage & organization,Storage & organization,Storage & organization,Kitchen & appliances,Kitchen & appliances,Lighting,Lighting,Lighting,Lighting
Storage & organization,Bathroom,Home Décor,Kitchen & appliances,Storage & organization,Storage & organization,Storage & organization,Storage & organization,Storage & organization,Furniture,Furniture,Furniture,Furniture,Storage & organization,Storage & organization,Storage & organization,Storage & organization,Storage & organization,Storage & organization,Storage & organization
Furniture,Furniture,Furniture,Furniture,Furniture,Furniture,Furniture,Furniture,Furniture,Furniture,Outdoor,Furniture,Furniture,Furniture,Storage & organization,Furniture,Furniture,Furniture,Furniture,Furniture
Lighting,Lighting,Lighting,Lighting,Lighting,Home Décor,Home Décor,Home Décor,Home Décor,Home Décor,Home Décor,Home Décor,Home Décor,Home Décor,Home Décor,Home Décor,Home Décor,Home Décor,Home Décor,Home Décor
