Lanterns,Candle holders,Unscented candles,Unscented candles,Unscented candles,Scented candles,Candle holders,Unscented candles,Scented candles,Scented candles,Unscented candles,Unscented candles,Unscented candles,Unscented candles,Unscented candles,Unscented candles,Unscented candles,Unscented candles,Candle holders,nan
Lanterns,Unscented candles,Unscented candles,Scented candles,Unscented candles,Candle holders,Unscented candles,Unscented candles,Unscented candles,Candle holders,Candle holders,Scented candles,Scented candles,Unscented candles,Unscented candles,Unscented candles,Unscented candles,Unscented candles,Unscented candles,nan
Baby textiles,Baby textiles,Cushions & cushions covers,Baby textiles,Bedlinen,Bedlinen,Bedlinen,Bedlinen,Bedlinen,Bedlinen,Bedlinen,Bedlinen,Bedlinen,Bedlinen,Bedlinen,Bedlinen,Bedlinen,Bedlinen,Bedlinen,Bedlinen
Lanterns,Unscented candles,Scented candles,Scented candles,Scented candles,Unscented candles,Candle holders,Unscented candles,Unscented candles,Unscented candles,Unscented candles,Unscented candles,Unscented candles,Unscented candles,Unscented candles,Unscented candles,Unscented candles,Candle holders,Candle holders,nan
Lanterns,Scented candles,Unscented candles,Unscented candles,Unscented candles,Unscented candles,Unscented candles,Scented candles,Unscented candles,Unscented candles,Candle holders,Candle holders,Candle holders,Unscented candles,Unscented candles,Unscented candles,Scented candles,Unscented candles,Unscented candles,nan
Lanterns,Unscented candles,Candle holders,Candle holders,Candle holders,Scented candles,Scented candles,Unscented candles,Unscented candles,Unscented candles,Unscented candles,Unscented candles,Scented candles,Unscented candles,Unscented candles,Unscented candles,Unscented candles,Unscented candles,Unscented candles,nan
Baby textiles,Bedlinen,Bedlinen,Baby textiles,Cushions & cushions covers,Baby textiles,Fabrics,Bedlinen,Bedlinen,Bedlinen,Bedlinen,Bedlinen,Bedlinen,Cushions & cushions covers,Bedlinen,Bedlinen,Bedlinen,Bedlinen,Bedlinen,Bedlinen
Baby textiles,Bedlinen,Bedlinen,Baby textiles,Baby textiles,Cushions & cushions covers,Fabrics,Cushions & cushions covers,Bedlinen,Cushions & cushions covers,Bedlinen,Bedlinen,Kids decoration & accessories,Bedlinen,Bedlinen,Towels,Towels,Bedlinen,Bedlinen,Bedlinen
Cushions & cushions covers,Artificial plants & flowers,Dried plants & potpourri,Dried plants & potpourri,Artificial plants & flowers,Artificial plants & flowers,Artificial plants & flowers,Artificial plants & flowers,Artificial plants & flowers,Dried plants & potpourri,Artificial plants & flowers,Artificial plants & flowers,Artificial plants & flowers,Artificial plants & flowers,Artificial plants & flowers,Dried plants & potpourri,nan,nan,nan,Dried plants & potpourri
Candle holders,Scented candles,Unscented candles,Unscented candles,Unscented candles,Unscented candles,Unscented candles,Scented candles,Unscented candles,Unscented candles,Unscented candles,Unscented candles,Unscented candles,Unscented candles,Candle holders,Unscented candles,Scented candles,Candle holders,Lanterns,nan
"Foam, memory foam & latex mattresses",Headboards,"Foam, memory foam & latex mattresses",Mattress & pillow protectors,Mattress & pillow protectors,"Foam, memory foam & latex mattresses",Sofa & armchairs covers,Sofa & armchairs covers,SMÅSTAD system,Pillows,Mattress & pillow protectors,Dining chairs,Rattan armchairs,Cushions & cushions covers,Sofa & armchairs covers,Twin beds,Sofa & armchairs covers,Sofa & armchairs covers,Sofa & armchairs covers,Dining chairs
Unscented candles,Unscented candles,Candle holders,Scented candles,Unscented candles,Unscented candles,Unscented candles,Unscented candles,Candle holders,Unscented candles,Scented candles,Candle holders,Unscented candles,Scented candles,Unscented candles,Unscented candles,Unscented candles,Unscented candles,Lanterns,nan
Unscented candles,Scented candles,Unscented candles,Unscented candles,Unscented candles,Scented candles,Unscented candles,Scented candles,Unscented candles,Unscented candles,Unscented candles,Unscented candles,Candle holders,Unscented candles,Candle holders,Unscented candles,Candle holders,Unscented candles,Indoor plant pots,Indoor plant pots
Baby textiles,Bedlinen,Bedlinen,Baby textiles,Baby textiles,Cushions & cushions covers,Bedlinen,Bedlinen,Fabrics,Bedlinen,Cushions & cushions covers,Bedlinen,Bedlinen,Bedlinen,Bedlinen,Bedlinen,Bedlinen,Bedlinen,Bedlinen,Bedlinen
Lanterns,Unscented candles,Unscented candles,Unscented candles,Unscented candles,Candle holders,Scented candles,Unscented candles,Unscented candles,Unscented candles,Unscented candles,Unscented candles,Unscented candles,Candle holders,Unscented candles,Candle holders,Scented candles,Scented candles,Unscented candles,nan
Bedlinen,Bedlinen,Bedlinen,Baby textiles,Cushions & cushions covers,Baby textiles,Baby textiles,Bedlinen,Bedlinen,Bedlinen,Bedlinen,Bedlinen,Bedlinen,Bedlinen,Bedlinen,Bedlinen,Bedlinen,Bedlinen,Bedlinen,Bedlinen
Scented candles,Unscented candles,Unscented candles,Unscented candles,Unscented candles,Unscented candles,Unscented candles,Unscented candles,Unscented candles,Unscented candles,Unscented candles,Scented candles,Candle holders,Candle holders,Unscented candles,Unscented candles,Scented candles,Candle holders,Lanterns,nan
Lanterns,Scented candles,Unscented candles,Unscented candles,Unscented candles,Unscented candles,Unscented candles,Unscented candles,Scented candles,Candle holders,Candle holders,Scented candles,Candle holders,Unscented candles,Unscented candles,Unscented candles,Unscented candles,Unscented candles,Unscented candles,nan
Display cabinets,Shelves & drawers,Mirror cabinets,Mirror cabinets,Display cabinets,Shelves & drawers,Shelves & drawers,Solitaire wardrobes,Solitaire wardrobes,BESTÅ storage system,BESTÅ storage system,BESTÅ storage system,Bar tables,Display cabinets,Display cabinets,Mirror cabinets,Display cabinets,Display cabinets,IVAR system,IVAR system
Lanterns,Unscented candles,Unscented candles,Unscented candles,Scented candles,Unscented candles,Unscented candles,Scented candles,Unscented candles,Unscented candles,Scented candles,Unscented candles,Candle holders,Unscented candles,Unscented candles,Unscented candles,Candle holders,Candle holders,Unscented candles,nan
Scented candles,Scented candles,Candle holders,Candle holders,Unscented candles,Unscented candles,Unscented candles,Unscented candles,Unscented candles,Unscented candles,Unscented candles,Scented candles,Unscented candles,Unscented candles,Unscented candles,Candle holders,Unscented candles,Unscented candles,Lanterns,nan
Baby textiles,Cushions & cushions covers,Baby textiles,Baby textiles,Bedlinen,Bedlinen,Bedlinen,Bedlinen,Bedlinen,Bedlinen,Bedlinen,Bedlinen,Bedlinen,Bedlinen,Bedlinen,Bedlinen,Bedlinen,Bedlinen,Bedlinen,Bedlinen
Lanterns,Baking pans & molds,nan,Unscented candles,Unscented candles,Unscented candles,Unscented candles,Unscented candles,Unscented candles,Unscented candles,Unscented candles,Scented candles,Unscented candles,Candle holders,Candle holders,Candle holders,Unscented candles,Scented candles,Scented candles,Unscented candles
"Shades, bases & cords","Shades, bases & cords",Table lamps,"Shades, bases & cords","Shades, bases & cords",Desk lamps,Table lamps,"Shades, bases & cords",Bedlinen,Curtains & drapes,nan,Dried plants & potpourri,"Shades, bases & cords",nan,nan,"Shades, bases & cords",Cushions & cushions covers,Curtains & drapes,Scented candles,Scented candles
Candle holders,Candle holders,Unscented candles,Unscented candles,Unscented candles,Unscented candles,Unscented candles,Unscented candles,Unscented candles,Unscented candles,Unscented candles,Candle holders,Scented candles,Unscented candles,Scented candles,Scented candles,Unscented candles,Unscented candles,Lanterns,nan
Lanterns,nan,Scented candles,Unscented candles,Unscented candles,Candle holders,Candle holders,Candle holders,Scented candles,Unscented candles,Unscented candles,Unscented candles,Unscented candles,Unscented candles,Unscented candles,Unscented candles,Unscented candles,Unscented candles,Unscented candles,Scented candles
Unscented candles,Unscented candles,Unscented candles,Unscented candles,Unscented candles,Unscented candles,Unscented candles,Unscented candles,Unscented candles,Candle holders,Candle holders,Candle holders,Scented candles,Unscented candles,Scented candles,Scented candles,Unscented candles,Unscented candles,Lanterns,nan
Lanterns,Scented candles,Unscented candles,Unscented candles,Unscented candles,Unscented candles,Unscented candles,Unscented candles,Unscented candles,Unscented candles,Unscented candles,Candle holders,Scented candles,Candle holders,Unscented candles,Unscented candles,Scented candles,Unscented candles,Candle holders,nan
Lanterns,Unscented candles,Unscented candles,Unscented candles,Candle holders,Unscented candles,Scented candles,Scented candles,Scented candles,Unscented candles,Unscented candles,Unscented candles,Unscented candles,Unscented candles,Candle holders,Candle holders,Unscented candles,Unscented candles,Unscented candles,nan
Unscented candles,Unscented candles,Unscented candles,Unscented candles,Unscented candles,Unscented candles,Scented candles,Unscented candles,Unscented candles,Unscented candles,Unscented candles,Unscented candles,Candle holders,Candle holders,Unscented candles,Scented candles,Candle holders,Scented candles,Lanterns,nan
nan,nan,nan,nan,nan,PAX system,PAX system,PAX system,PAX system,Shelves & drawers,SMÅSTAD system,SMÅSTAD system,SMÅSTAD system,SMÅSTAD system,SMÅSTAD system,nan,Pitchers & carafes,Pitchers & carafes,Range hoods & filters,Ceiling lights
Lanterns,Cushions & cushions covers,nan,Candle holders,Unscented candles,Unscented candles,Unscented candles,Unscented candles,Unscented candles,Scented candles,Scented candles,Unscented candles,Unscented candles,Scented candles,Candle holders,Unscented candles,Unscented candles,Unscented candles,Unscented candles,Candle holders
Baby textiles,Baby textiles,Cushions & cushions covers,Baby textiles,Bedlinen,Bedlinen,Bedlinen,Bedlinen,Bedlinen,Bedlinen,Bedlinen,Bedlinen,Bedlinen,Bedlinen,Bedlinen,Bedlinen,Bedlinen,Bedlinen,Bedlinen,Bedlinen
Unscented candles,Unscented candles,Unscented candles,Unscented candles,Candle holders,Candle holders,Candle holders,Unscented candles,Unscented candles,Unscented candles,Unscented candles,Unscented candles,Unscented candles,Unscented candles,Scented candles,Scented candles,Scented candles,Unscented candles,Lanterns,Bookcase lighting
Dining chairs,High chairs,Changing tables,Table cloths & runners,Fabric armchairs,Dining chairs,Dining chairs,Mattress & pillow protectors,Outdoor chairs,Dining chairs,Dining chairs,Dining chairs,Dining chairs,Chair pads,Chair pads,Chair pads,Chair pads,Chair pads,Chair pads,Chair pads
Bookcase lighting,Shelves & drawers,nan,Bookcase lighting,Indoor plant pots,Indoor plant pots,Indoor plant pots,Indoor plant pots,Indoor plant pots,Indoor plant pots,Indoor plant pots,Indoor plant pots,Indoor plant pots,Indoor plant pots,nan,Bookcase lighting,Scented candles,Unscented candles,Unscented candles,Candle holders
Cushions & cushions covers,Bedlinen,Baby textiles,Lanterns,nan,nan,Artificial plants & flowers,Dried plants & potpourri,Dried plants & potpourri,Artificial plants & flowers,Artificial plants & flowers,Artificial plants & flowers,Artificial plants & flowers,Artificial plants & flowers,Dried plants & potpourri,Dried plants & potpourri,Artificial plants & flowers,Artificial plants & flowers,Artificial plants & flowers,Artificial plants & flowers
Bookcase lighting,Ceiling lights,Ceiling lights,Ceiling lights,Ceiling lights,nan,Bookcase lighting,nan,Ceiling lights,Ceiling lights,Bookcase lighting,Table lamps,Ceiling lights,Desk lamps,Desk lamps,Desk lamps,Desk lamps,Pots & pans,Drinking accessories,Ceiling lights
Unscented candles,Unscented candles,Unscented candles,Unscented candles,Unscented candles,Unscented candles,Unscented candles,Unscented candles,Scented candles,Unscented candles,Scented candles,Unscented candles,Scented candles,Unscented candles,Candle holders,Candle holders,Candle holders,Unscented candles,Lanterns,nan
Lanterns,Scented candles,Candle holders,Unscented candles,Unscented candles,Unscented candles,Unscented candles,Unscented candles,Candle holders,Unscented candles,Unscented candles,Unscented candles,Unscented candles,Scented candles,Unscented candles,Unscented candles,Candle holders,Unscented candles,Scented candles,nan
Lanterns,Candle holders,Candle holders,Candle holders,Unscented candles,Unscented candles,Unscented candles,Unscented candles,Unscented candles,Scented candles,Unscented candles,Unscented candles,Unscented candles,Unscented candles,Scented candles,Scented candles,Unscented candles,Unscented candles,Unscented candles,nan
Solitaire wardrobes,Solitaire wardrobes,BESTÅ storage system,Desks & computer desks,Stools & benches,Shoe cabinets,Shoe cabinets,TV stands & benches,Bar tables,Paper & media organizers,Paper & media organizers,BESTÅ storage system,BESTÅ storage system,SEKTION kitchen,Bar tables,Step stools & step ladders,Chests of drawers,Chests of drawers,Chests of drawers,Chests of drawers
Lanterns,Unscented candles,Unscented candles,Unscented candles,Unscented candles,Unscented candles,Unscented candles,Unscented candles,Unscented candles,Candle holders,Scented candles,Scented candles,Candle holders,Candle holders,Scented candles,Unscented candles,Unscented candles,Unscented candles,Unscented candles,nan
Lanterns,Scented candles,Unscented candles,Scented candles,Candle holders,Scented candles,Unscented candles,Candle holders,Unscented candles,Unscented candles,Unscented candles,Unscented candles,Unscented candles,Unscented candles,Unscented candles,Unscented candles,Unscented candles,Unscented candles,Candle holders,nan
Lanterns,Unscented candles,Unscented candles,Unscented candles,Unscented candles,Unscented candles,Unscented candles,Unscented candles,Unscented candles,Scented candles,Unscented candles,Unscented candles,Scented candles,Scented candles,Candle holders,Candle holders,Unscented candles,Unscented candles,Candle holders,nan
Lanterns,Unscented candles,Unscented candles,Unscented candles,Unscented candles,Unscented candles,Unscented candles,Unscented candles,Scented candles,Scented candles,Unscented candles,Unscented candles,Scented candles,Candle holders,Candle holders,Unscented candles,Unscented candles,Candle holders,Unscented candles,nan
Baby textiles,Cushions & cushions covers,Baby textiles,Baby textiles,Bedlinen,Bedlinen,Bedlinen,Bedlinen,Bedlinen,Bedlinen,Bedlinen,Bedlinen,Bedlinen,Bedlinen,Bedlinen,Bedlinen,Bedlinen,Bedlinen,Bedlinen,Bedlinen
Artificial plants & flowers,Artificial plants & flowers,Artificial plants & flowers,Artificial plants & flowers,Artificial plants & flowers,Artificial plants & flowers,Artificial plants & flowers,Artificial plants & flowers,Artificial plants & flowers,Artificial plants & flowers,Artificial plants & flowers,Artificial plants & flowers,Artificial plants & flowers,Artificial plants & flowers,Artificial plants & flowers,Artificial plants & flowers,Artificial plants & flowers,Artificial plants & flowers,Artificial plants & flowers,Artificial plants & flowers
Baby textiles,Bedlinen,Bedlinen,Cushions & cushions covers,Baby textiles,Baby textiles,Bedlinen,Bedlinen,Fabrics,Kids decoration & accessories,Cushions & cushions covers,Bedlinen,Bedlinen,Bedlinen,Bedlinen,Bedlinen,Bedlinen,Bedlinen,Bedlinen,Bedlinen
Lanterns,Cushions & cushions covers,Bedlinen,Baby textiles,nan,nan,nan,Unscented candles,Unscented candles,Unscented candles,Unscented candles,Scented candles,Unscented candles,Scented candles,Unscented candles,Unscented candles,Unscented candles,Unscented candles,Scented candles,Unscented candles
Unscented candles,Unscented candles,Unscented candles,Unscented candles,Candle holders,Unscented candles,Unscented candles,Candle holders,Unscented candles,Unscented candles,Candle holders,Scented candles,Unscented candles,Unscented candles,Scented candles,Scented candles,Unscented candles,Unscented candles,Lanterns,nan
Baby textiles,Baby textiles,Baby textiles,Cushions & cushions covers,Bedlinen,Bedlinen,Bedlinen,Bedlinen,Bedlinen,Bedlinen,Bedlinen,Bedlinen,Bedlinen,Bedlinen,Bedlinen,Bedlinen,Bedlinen,Bedlinen,Bedlinen,Bedlinen
Lanterns,Unscented candles,Unscented candles,Unscented candles,Unscented candles,Unscented candles,Unscented candles,Unscented candles,Unscented candles,Unscented candles,Unscented candles,Unscented candles,Candle holders,Unscented candles,Scented candles,Candle holders,Scented candles,Scented candles,Candle holders,nan
Indoor plant pots,Wine & champagne glasses,Glasses,Glasses,Wine & champagne glasses,Bowls,Bowls,Pitchers & carafes,Indoor plant pots,Indoor plant pots,Indoor plant pots,Indoor plant pots,Indoor plant pots,Indoor plant pots,Indoor plant pots,Indoor plant pots,Indoor plant pots,Indoor plant pots,PAX system,PAX system
Sofa & armchairs covers,Sofa & armchairs covers,Sofa & armchairs covers,Sofa & armchairs covers,Sofa & armchairs covers,Sofa & armchairs covers,Sofa & armchairs covers,Sofa & armchairs covers,Sofa & armchairs covers,Sofa & armchairs covers,Sofa & armchairs covers,Chair pads,Sofa & armchairs covers,Sofa & armchairs covers,Chair pads,Chair pads,Sofa & armchairs covers,Sofa & armchairs covers,"Foam, memory foam & latex mattresses",Bedlinen
Baby textiles,Bedlinen,Baby textiles,Baby textiles,Cushions & cushions covers,Bedlinen,Fabrics,Bedlinen,Bedlinen,Bedlinen,Bedlinen,Bedlinen,Bedlinen,Kids decoration & accessories,Bedlinen,Bedlinen,Bedlinen,Bedlinen,Bedlinen,Bedlinen
Lanterns,Scented candles,Scented candles,Unscented candles,Unscented candles,Unscented candles,Unscented candles,Unscented candles,Unscented candles,Unscented candles,Unscented candles,Unscented candles,Unscented candles,Unscented candles,Candle holders,Candle holders,Scented candles,Unscented candles,Candle holders,nan
Lanterns,Unscented candles,Scented candles,Scented candles,Unscented candles,Unscented candles,Unscented candles,Unscented candles,Candle holders,Unscented candles,Candle holders,Candle holders,Unscented candles,Unscented candles,Unscented candles,Unscented candles,Unscented candles,Scented candles,Unscented candles,nan
Sofa & armchairs covers,Sofa & armchairs covers,Sofa & armchairs covers,Sofa & armchairs covers,Sofa & armchairs covers,Sofa & armchairs covers,Sofa & armchairs covers,Sofa & armchairs covers,Sofa & armchairs covers,Sofa & armchairs covers,Sofa & armchairs covers,Sofa & armchairs covers,Sofa & armchairs covers,Sofa & armchairs covers,Sofa & armchairs covers,Sofa & armchairs covers,Sofa & armchairs covers,Sofa & armchairs covers,Sofa & armchairs covers,Travel bags
Lanterns,Candle holders,Scented candles,Scented candles,Unscented candles,Unscented candles,Unscented candles,Unscented candles,Candle holders,Unscented candles,Unscented candles,Unscented candles,Unscented candles,Scented candles,Unscented candles,Candle holders,Unscented candles,Unscented candles,Unscented candles,nan
Bedlinen,Bedlinen,Bedlinen,Baby textiles,Bedlinen,Bedlinen,Baby textiles,Baby textiles,Cushions & cushions covers,Bedlinen,Bedlinen,Bedlinen,Bedlinen,Bedlinen,Bedlinen,Bedlinen,Bedlinen,Bedlinen,Bedlinen,Bedlinen
Shelves & drawers,nan,nan,nan,nan,PAX system,PAX system,PAX system,nan,nan,PAX system,Indoor plant pots,Indoor plant pots,Indoor plant pots,Indoor plant pots,Indoor plant pots,Indoor plant pots,Indoor plant pots,Indoor plant pots,Indoor plant pots
Lanterns,Candle holders,Unscented candles,Unscented candles,Unscented candles,Unscented candles,Unscented candles,Unscented candles,Unscented candles,Unscented candles,Unscented candles,Candle holders,Scented candles,Scented candles,Unscented candles,Unscented candles,Candle holders,Scented candles,Unscented candles,nan
Unscented candles,Candle holders,Unscented candles,Unscented candles,Unscented candles,Scented candles,Candle holders,Unscented candles,Scented candles,Unscented candles,Candle holders,Unscented candles,Unscented candles,Unscented candles,Unscented candles,Scented candles,Unscented candles,Unscented candles,Lanterns,nan
Lanterns,Unscented candles,Unscented candles,Unscented candles,Unscented candles,Unscented candles,Unscented candles,Unscented candles,Scented candles,Scented candles,Candle holders,Candle holders,Candle holders,Scented candles,Unscented candles,Unscented candles,Unscented candles,Unscented candles,Unscented candles,nan
Lanterns,Candle holders,Scented candles,Scented candles,Unscented candles,Candle holders,Unscented candles,Candle holders,Unscented candles,Unscented candles,Unscented candles,Unscented candles,Unscented candles,Unscented candles,Unscented candles,Unscented candles,Unscented candles,Scented candles,Unscented candles,nan
Lanterns,Scented candles,Unscented candles,Unscented candles,Scented candles,Unscented candles,Unscented candles,Unscented candles,Unscented candles,Candle holders,Candle holders,Candle holders,Unscented candles,Unscented candles,Unscented candles,Unscented candles,Scented candles,Unscented candles,Unscented candles,nan
Lanterns,Candle holders,Unscented candles,Candle holders,Unscented candles,Unscented candles,Unscented candles,Unscented candles,Unscented candles,Unscented candles,Scented candles,Unscented candles,Scented candles,Candle holders,Scented candles,Unscented candles,Unscented candles,Unscented candles,Unscented candles,nan
Bedlinen,Bedlinen,Bedlinen,Bedlinen,Bedlinen,Bedlinen,Bedlinen,Bedlinen,Bedlinen,Bedlinen,Bedlinen,Bedlinen,Bedlinen,Bedlinen,Bedlinen,Bedlinen,Bedlinen,Baby textiles,Bedspreads,Bedspreads
Lanterns,Cushions & cushions covers,Artificial plants & flowers,Dried plants & potpourri,Dried plants & potpourri,Artificial plants & flowers,Artificial plants & flowers,Artificial plants & flowers,Dried plants & potpourri,Artificial plants & flowers,Dried plants & potpourri,Artificial plants & flowers,Artificial plants & flowers,Artificial plants & flowers,Artificial plants & flowers,Artificial plants & flowers,Artificial plants & flowers,Unscented candles,Scented candles,Unscented candles
Bedlinen,Baby textiles,Cushions & cushions covers,Fabrics,Bedlinen,Bedlinen,Toys & play,Baby textiles,Cushions & cushions covers,Baby textiles,Kids decoration & accessories,Cushions & cushions covers,nan,nan,Dried plants & potpourri,nan,Artificial plants & flowers,Artificial plants & flowers,Artificial plants & flowers,Artificial plants & flowers
Lanterns,Unscented candles,Unscented candles,Unscented candles,Unscented candles,Scented candles,Scented candles,Scented candles,Unscented candles,Candle holders,Candle holders,Candle holders,Unscented candles,Unscented candles,Unscented candles,Unscented candles,Unscented candles,Unscented candles,Unscented candles,nan
Lanterns,nan,Unscented candles,Scented candles,Scented candles,Unscented candles,Unscented candles,Unscented candles,Candle holders,Candle holders,Candle holders,Unscented candles,Unscented candles,Unscented candles,Unscented candles,Unscented candles,Scented candles,Unscented candles,Unscented candles,Unscented candles
Lanterns,Unscented candles,Unscented candles,Unscented candles,Unscented candles,Unscented candles,Candle holders,Candle holders,Unscented candles,Unscented candles,Unscented candles,Unscented candles,Scented candles,Scented candles,Scented candles,Unscented candles,Unscented candles,Unscented candles,Candle holders,nan
Lanterns,Unscented candles,Candle holders,Candle holders,Candle holders,Unscented candles,Unscented candles,Unscented candles,Scented candles,Unscented candles,Unscented candles,Unscented candles,Unscented candles,Unscented candles,Scented candles,Unscented candles,Unscented candles,Scented candles,Unscented candles,nan
Solitaire wardrobes,Solitaire wardrobes,BESTÅ storage system,Desks & computer desks,BESTÅ storage system,BESTÅ storage system,Shoe cabinets,Shoe cabinets,SEKTION kitchen,Step stools & step ladders,Bar tables,Stools & benches,Paper & media organizers,Paper & media organizers,Display cabinets,TV stands & benches,Cable management & accessories,Chests of drawers,Chests of drawers,Chests of drawers
Unscented candles,Unscented candles,Unscented candles,Candle holders,Unscented candles,Candle holders,Scented candles,Scented candles,Unscented candles,Unscented candles,Candle holders,Unscented candles,Unscented candles,Unscented candles,Unscented candles,Unscented candles,Scented candles,Unscented candles,Lanterns,nan
Lanterns,Scented candles,Candle holders,Unscented candles,Unscented candles,Unscented candles,Candle holders,Unscented candles,Scented candles,Unscented candles,Unscented candles,Unscented candles,Scented candles,Unscented candles,Unscented candles,Unscented candles,Candle holders,Unscented candles,Unscented candles,nan
Indoor plant pots,Indoor plant pots,Indoor plant pots,Indoor plant pots,Indoor plant pots,Indoor plant pots,Indoor plant pots,Indoor plant pots,Indoor plant pots,Indoor plant pots,Candle holders,Unscented candles,Unscented candles,Unscented candles,Unscented candles,Unscented candles,Unscented candles,Unscented candles,Unscented candles,Unscented candles
Baby textiles,Bedlinen,Bedlinen,Bedlinen,Bedlinen,Bedlinen,Baby textiles,Baby textiles,Cushions & cushions covers,Bedlinen,Bedlinen,Bedlinen,Bedlinen,Bedlinen,Bedlinen,Bedlinen,Bedlinen,Bedlinen,Baby textiles,Baby textiles
Unscented candles,Scented candles,Unscented candles,Unscented candles,Unscented candles,Candle holders,Candle holders,Candle holders,Scented candles,Unscented candles,Unscented candles,Scented candles,Unscented candles,Unscented candles,Unscented candles,Unscented candles,Unscented candles,Unscented candles,Lanterns,Indoor plant pots
Lanterns,nan,Candle holders,Candle holders,Unscented candles,Scented candles,Scented candles,Unscented candles,Unscented candles,Unscented candles,Unscented candles,Unscented candles,Unscented candles,Unscented candles,Unscented candles,Unscented candles,Candle holders,Unscented candles,Unscented candles,Scented candles
Baby textiles,Baby textiles,Cushions & cushions covers,Baby textiles,Bedlinen,Bedlinen,Bedlinen,Bedlinen,Bedlinen,Bedlinen,Bedlinen,Bedlinen,Bedlinen,Bedlinen,Bedlinen,Bedlinen,Bedlinen,Bedlinen,Bedlinen,Bedlinen
Baby textiles,Bedlinen,Baby textiles,Baby textiles,Cushions & cushions covers,Bedlinen,Bedlinen,Bedlinen,Bedlinen,Bedlinen,Bedlinen,Fabrics,Bedlinen,Bedlinen,Bedlinen,Bedlinen,Bedlinen,Bedlinen,Bedlinen,Bedlinen
Lanterns,Scented candles,Unscented candles,Unscented candles,Unscented candles,Unscented candles,Unscented candles,Unscented candles,Scented candles,Unscented candles,Unscented candles,Candle holders,Candle holders,Scented candles,Candle holders,Unscented candles,Unscented candles,Unscented candles,Unscented candles,nan
nan,PAX system,nan,PAX system,nan,nan,nan,PAX system,PAX system,SMÅSTAD system,SMÅSTAD system,SMÅSTAD system,SMÅSTAD system,SMÅSTAD system,SEKTION kitchen,SEKTION kitchen,Shelves & drawers,SEKTION kitchen,Step stools & step ladders,Display cabinets
Baby textiles,Bedlinen,Bedlinen,Baby textiles,Cushions & cushions covers,Baby textiles,Bedlinen,Bedlinen,Bedlinen,Bedlinen,Bedlinen,Bedlinen,Bedlinen,Fabrics,Kids decoration & accessories,Cushions & cushions covers,Towels,Towels,Bedlinen,Bedlinen
Lanterns,Scented candles,Candle holders,Candle holders,Scented candles,Unscented candles,Unscented candles,Unscented candles,Unscented candles,Unscented candles,Unscented candles,Unscented candles,Unscented candles,Unscented candles,Unscented candles,Unscented candles,Unscented candles,Scented candles,Candle holders,nan
Unscented candles,Unscented candles,Candle holders,Candle holders,Candle holders,Unscented candles,Scented candles,Unscented candles,Unscented candles,Unscented candles,Unscented candles,Unscented candles,Unscented candles,Scented candles,Unscented candles,Scented candles,Unscented candles,Unscented candles,Lanterns,nan
Baby textiles,Baby textiles,Cushions & cushions covers,Baby textiles,Bedlinen,Bedlinen,Bedlinen,Bedlinen,Bedlinen,Bedlinen,Bedlinen,Bedlinen,Bedlinen,Bedlinen,Bedlinen,Bedlinen,Bedlinen,Bedlinen,Bedlinen,Bedlinen
Lanterns,Scented candles,Unscented candles,Unscented candles,Candle holders,Candle holders,Unscented candles,Scented candles,Unscented candles,Unscented candles,Candle holders,Unscented candles,Unscented candles,Scented candles,Unscented candles,Unscented candles,Unscented candles,Unscented candles,Unscented candles,nan
PAX system,nan,nan,nan,nan,PAX system,PAX system,nan,PAX system,SMÅSTAD system,SMÅSTAD system,SMÅSTAD system,SMÅSTAD system,SMÅSTAD system,Shelves & drawers,SEKTION kitchen,SEKTION kitchen,SEKTION kitchen,Step stools & step ladders,Solitaire wardrobes
Artificial plants & flowers,Dried plants & potpourri,Dried plants & potpourri,Artificial plants & flowers,Dried plants & potpourri,Dried plants & potpourri,Artificial plants & flowers,Artificial plants & flowers,Artificial plants & flowers,Artificial plants & flowers,Artificial plants & flowers,Artificial plants & flowers,Artificial plants & flowers,Artificial plants & flowers,Artificial plants & flowers,Cushions & cushions covers,nan,nan,Dried plants & potpourri,nan
Baby textiles,Baby textiles,Cushions & cushions covers,Baby textiles,Bedlinen,Bedlinen,Bedlinen,Bedlinen,Bedlinen,Bedlinen,Bedlinen,Bedlinen,Bedlinen,Bedlinen,Bedlinen,Bedlinen,Bedlinen,Bedlinen,Bedlinen,Bedlinen
Unscented candles,Scented candles,Scented candles,Unscented candles,Unscented candles,Unscented candles,Unscented candles,Unscented candles,Unscented candles,Scented candles,Unscented candles,Unscented candles,Unscented candles,Unscented candles,Candle holders,Candle holders,Candle holders,Unscented candles,Lanterns,nan
Lanterns,Scented candles,Unscented candles,Unscented candles,Unscented candles,Candle holders,Candle holders,Candle holders,Scented candles,Unscented candles,Unscented candles,Unscented candles,Unscented candles,Unscented candles,Unscented candles,Unscented candles,Unscented candles,Unscented candles,Scented candles,nan
Bookcase lighting,nan,Shelves & drawers,nan,PAX system,PAX system,nan,nan,PAX system,nan,nan,PAX system,Ceiling lights,Ceiling lights,Ceiling lights,Ceiling lights,SMÅSTAD system,SMÅSTAD system,SMÅSTAD system,SMÅSTAD system
PAX system,nan,nan,PAX system,PAX system,nan,nan,nan,PAX system,SMÅSTAD system,SMÅSTAD system,SMÅSTAD system,SMÅSTAD system,SMÅSTAD system,Shelves & drawers,SEKTION kitchen,SEKTION kitchen,SEKTION kitchen,Shelves & drawers,nan
Lanterns,Unscented candles,Scented candles,Scented candles,Unscented candles,Unscented candles,Candle holders,Candle holders,Scented candles,Candle holders,Unscented candles,Unscented candles,Unscented candles,Unscented candles,Unscented candles,Unscented candles,Unscented candles,Unscented candles,Unscented candles,nan
Lanterns,Unscented candles,Unscented candles,Unscented candles,Unscented candles,Unscented candles,Unscented candles,Unscented candles,Unscented candles,Scented candles,Scented candles,Unscented candles,Unscented candles,Unscented candles,Unscented candles,Candle holders,Scented candles,Candle holders,Candle holders,nan
