Pants,Pants,Pants,Leggings and Tights,Leggings,Pants,Pants,"Socks, Leggings, and Tights",Jeans,Leggings,Gloves,Leggings,Leggings,Pants and Leggings,Sweatpants,Pants,Pants,Underwear,Pants,Pants
Pants,Pants,Pants,"Socks, Leggings, and Tights",Leggings and Tights,Leggings,Pants,Jeans,Leggings,Pants,Socks and Tights,Socks,Leggings,Socks and Tights,Leggings,Pants,Gloves,Pants,Pants and Leggings,Leggings and Tights
Pants,Pants,Pants,"Socks, Leggings, and Tights",Leggings and Tights,Leggings,Pants,Jeans,Pants,Leggings,Leggings,Leggings,Gloves,Pants,Pants and Leggings,Sweatpants,Leggings and Tights,Pants,Socks and Tights,Leggings
Pants,Pants,Pants,"Socks, Leggings, and Tights",Socks,Leggings and Tights,Socks and Tights,Socks and Tights,Jeans,Leggings,Pants,Socks and Tights,Socks and Tights,"Socks, Leggings, and Tights",Pants,Pants,Leggings,Leggings,"Socks, Leggings, and Tights",Leggings
Pants,Pants,Pants,"Socks, Leggings, and Tights",Leggings and Tights,Leggings,Pants,Jeans,Socks and Tights,Socks,Pants,Leggings,Gloves,Socks and Tights,Leggings,Pants,Leggings,Socks and Tights,Pants and Leggings,Sweatpants
Socks,"Socks, Leggings, and Tights",Pants,Socks and Tights,"Socks, Leggings, and Tights",Socks,Socks and Tights,Socks,"Socks, Leggings, and Tights",Pants,"Socks, Leggings, and Tights",Socks and Tights,Socks and Tights,"Socks, Leggings, and Tights","Socks, Leggings, and Tights","Socks, Leggings, and Tights",Belts,"Socks, Leggings, and Tights","Socks, Leggings, and Tights",Socks
Pants,Pants,Pants,"Socks, Leggings, and Tights",Leggings and Tights,Leggings,Pants,Jeans,Pants,Leggings,Leggings,Gloves,Leggings,Pants and Leggings,Sweatpants,Pants,Socks and Tights,Pants,Leggings and Tights,Pants
Socks,Socks and Tights,"Socks, Leggings, and Tights",Socks and Tights,"Socks, Leggings, and Tights","Socks, Leggings, and Tights",Pants,Socks and Tights,Socks and Tights,Socks and Tights,"Socks, Leggings, and Tights","Socks, Leggings, and Tights","Socks, Leggings, and Tights","Socks, Leggings, and Tights",Socks,Socks and Tights,Pants,Socks,Pants,Leggings and Tights
Socks,Socks and Tights,Socks and Tights,"Socks, Leggings, and Tights","Socks, Leggings, and Tights",Socks,"Socks, Leggings, and Tights",Socks,"Socks, Leggings, and Tights",Socks and Tights,"Socks, Leggings, and Tights",Socks and Tights,"Socks, Leggings, and Tights",Socks,Socks,"Socks, Leggings, and Tights",Socks and Tights,Socks and Tights,"Socks, Leggings, and Tights","Socks, Leggings, and Tights"
Pants,Pants,Pants,Leggings and Tights,Leggings,"Socks, Leggings, and Tights",Pants,Pants,Jeans,Leggings,Leggings,Gloves,Leggings,Pants and Leggings,Sweatpants,Pants,Leggings and Tights,Pants,Leggings,Pants
Pants,Pants,Pants,"Socks, Leggings, and Tights",Leggings and Tights,Leggings,Pants,Jeans,Pants,Leggings,Leggings,Gloves,Leggings,Sweatpants,Pants,Pants and Leggings,Pants,Leggings and Tights,Pants,Pants
Pants,Pants,Pants,"Socks, Leggings, and Tights",Leggings and Tights,Leggings,Pants,Jeans,Pants,Leggings,Leggings,Leggings,Pants,Pants and Leggings,Socks and Tights,Gloves,Sweatpants,Leggings and Tights,Pants,Leggings
Socks,"Socks, Leggings, and Tights",Socks,Socks and Tights,Socks,Socks,Socks,Socks and Tights,"Socks, Leggings, and Tights",Socks,Socks and Tights,Socks and Tights,"Socks, Leggings, and Tights",Socks,Socks,Socks and Tights,"Socks, Leggings, and Tights","Socks, Leggings, and Tights","Socks, Leggings, and Tights","Socks, Leggings, and Tights"
Socks,Socks and Tights,Socks,"Socks, Leggings, and Tights",Socks,Socks,Socks,Socks and Tights,"Socks, Leggings, and Tights","Socks, Leggings, and Tights","Socks, Leggings, and Tights",Socks and Tights,Socks and Tights,"Socks, Leggings, and Tights","Socks, Leggings, and Tights","Socks, Leggings, and Tights",Socks and Tights,"Socks, Leggings, and Tights",Socks and Tights,Socks and Tights
Pants,Pants,Pants,"Socks, Leggings, and Tights",Leggings and Tights,Leggings,Pants,Jeans,Socks and Tights,Leggings,Pants,Socks,Socks and Tights,Leggings,Leggings,Gloves,Pants,Pants,Pants and Leggings,Leggings and Tights
Pants,Pants,Pants,"Socks, Leggings, and Tights",Leggings and Tights,Leggings,Pants,Jeans,Pants,Leggings,Leggings,Leggings,Gloves,Pants and Leggings,Pants,Socks and Tights,Sweatpants,Pants,Leggings and Tights,Pants
Pants,Pants,Pants,Leggings,Leggings and Tights,Pants,Pants,"Socks, Leggings, and Tights",Jeans,Gloves,Leggings,Leggings,Pants and Leggings,Leggings,Sweatpants,Underwear,Pants,Pants,Pants,Pants
Pants,Pants,Pants,Leggings and Tights,Leggings,Pants,Pants,"Socks, Leggings, and Tights",Jeans,Leggings,Gloves,Leggings,Pants and Leggings,Sweatpants,Leggings,Underwear,Pants,Pants,Pants,Pants
Pants,Pants,Pants,Leggings,Leggings and Tights,Pants,Pants,"Socks, Leggings, and Tights",Jeans,Pants,Leggings,Gloves,Sweatpants,Leggings,Pants and Leggings,Leggings,Pants,Pants,Underwear,Pants
Pants,Pants,Pants,"Socks, Leggings, and Tights",Leggings and Tights,Leggings,Pants,Jeans,Socks,Socks and Tights,Leggings,Socks and Tights,Gloves,"Socks, Leggings, and Tights",Socks and Tights,Socks and Tights,Pants,"Socks, Leggings, and Tights",Leggings,"Socks, Leggings, and Tights"
Pants,Pants,Socks,"Socks, Leggings, and Tights",Socks and Tights,Pants,Socks and Tights,"Socks, Leggings, and Tights",Leggings and Tights,"Socks, Leggings, and Tights",Socks and Tights,"Socks, Leggings, and Tights",Socks and Tights,Jeans,Pants,"Socks, Leggings, and Tights",Leggings,Socks and Tights,"Socks, Leggings, and Tights",Leggings
Pants,Pants,Pants,"Socks, Leggings, and Tights",Leggings and Tights,Leggings,Pants,Jeans,Pants,Leggings,Leggings,Gloves,Leggings,Pants,Pants and Leggings,Sweatpants,Socks,Pants,Socks and Tights,Leggings and Tights
Pants,Pants,Pants,Leggings and Tights,Leggings,"Socks, Leggings, and Tights",Pants,Pants,Jeans,Leggings,Gloves,Leggings,Leggings,Sweatpants,Pants and Leggings,Pants,Pants,Pants,Pants,Underwear
Pants,Pants,Pants,"Socks, Leggings, and Tights",Leggings and Tights,Leggings,Pants,Pants,Jeans,Leggings,Leggings,Leggings,Pants and Leggings,Gloves,Pants,Sweatpants,Pants,Leggings and Tights,Leggings,Pants
Pants,Socks,Pants,Socks and Tights,Socks and Tights,"Socks, Leggings, and Tights",Pants,"Socks, Leggings, and Tights","Socks, Leggings, and Tights","Socks, Leggings, and Tights",Leggings and Tights,Socks and Tights,"Socks, Leggings, and Tights","Socks, Leggings, and Tights",Socks and Tights,Socks,Socks,Socks and Tights,"Socks, Leggings, and Tights",Jeans
Pants,Pants,Pants,Leggings,Pants,Leggings and Tights,Pants,"Socks, Leggings, and Tights",Jeans,Pants,Leggings,Sweatpants,Pants,Pants,Leggings,Pants and Leggings,Leggings,Pants,Underwear,Sweatpants
"Socks, Leggings, and Tights","Socks, Leggings, and Tights",Socks and Tights,Socks,Socks,Socks,Socks,Socks,Socks,Socks,"Socks, Leggings, and Tights","Socks, Leggings, and Tights","Socks, Leggings, and Tights",Socks,Socks,Socks,"Socks, Leggings, and Tights",Socks,Socks,Socks
Socks,Socks and Tights,Socks and Tights,"Socks, Leggings, and Tights",Socks,"Socks, Leggings, and Tights",Socks,Socks and Tights,"Socks, Leggings, and Tights",Socks and Tights,"Socks, Leggings, and Tights",Socks and Tights,Socks and Tights,"Socks, Leggings, and Tights","Socks, Leggings, and Tights","Socks, Leggings, and Tights",Socks and Tights,Socks,Socks,Pants
Pants,Pants,Pants,Leggings and Tights,"Socks, Leggings, and Tights",Leggings,Pants,Jeans,Leggings,Pants,Gloves,Leggings,Leggings,Socks and Tights,Pants and Leggings,Pants,Sweatpants,Pants,Leggings and Tights,Undershirts
Pants,Pants,Pants,Leggings,Pants,Leggings and Tights,"Socks, Leggings, and Tights",Pants,Jeans,Pants,Leggings,Sweatpants,Leggings,Pants,Pants,Pants and Leggings,Pants,Leggings,Sweatpants,Gloves
Pants,Pants,Pants,"Socks, Leggings, and Tights",Leggings and Tights,Leggings,Pants,Jeans,Pants,Leggings,Leggings,Pants,Leggings,Sweatpants,Pants and Leggings,Pants,Gloves,Leggings and Tights,Sweatpants,Pants
Socks,Socks and Tights,"Socks, Leggings, and Tights",Socks,Socks,Socks,Socks,"Socks, Leggings, and Tights",Socks and Tights,"Socks, Leggings, and Tights","Socks, Leggings, and Tights",Socks and Tights,"Socks, Leggings, and Tights","Socks, Leggings, and Tights","Socks, Leggings, and Tights","Socks, Leggings, and Tights",Socks and Tights,Socks and Tights,Socks and Tights,"Socks, Leggings, and Tights"
Pants,Pants,Pants,"Socks, Leggings, and Tights",Socks,Socks and Tights,Jeans,Socks and Tights,Socks and Tights,Leggings and Tights,Leggings,Pants,Pants,Pants,Socks and Tights,"Socks, Leggings, and Tights","Socks, Leggings, and Tights","Socks, Leggings, and Tights",Socks,Sweatpants
Pants,Pants,Pants,Leggings and Tights,"Socks, Leggings, and Tights",Leggings,Pants,Jeans,Pants,Leggings,Leggings,Gloves,Leggings,Pants and Leggings,Sweatpants,Pants,Leggings and Tights,Pants,Leggings,Pants
Pants,Pants,Pants,Leggings and Tights,Leggings,"Socks, Leggings, and Tights",Pants,Pants,Jeans,Leggings,Leggings,Gloves,Leggings,Pants and Leggings,Sweatpants,Pants,Leggings,Pants,Leggings and Tights,Pants
Socks,Socks and Tights,Pants,Socks and Tights,"Socks, Leggings, and Tights",Pants,"Socks, Leggings, and Tights","Socks, Leggings, and Tights",Pants,Socks and Tights,Socks and Tights,"Socks, Leggings, and Tights","Socks, Leggings, and Tights","Socks, Leggings, and Tights",Socks and Tights,"Socks, Leggings, and Tights",Socks,Socks and Tights,Socks,"Socks, Leggings, and Tights"
Pants,Pants,Pants,"Socks, Leggings, and Tights",Socks,Socks and Tights,Socks and Tights,Socks and Tights,Jeans,Leggings and Tights,"Socks, Leggings, and Tights",Leggings,Pants,"Socks, Leggings, and Tights",Socks and Tights,"Socks, Leggings, and Tights",Pants,Pants,Socks,"Socks, Leggings, and Tights"
Pants,Pants,Pants,Leggings and Tights,"Socks, Leggings, and Tights",Leggings,Pants,Jeans,Pants,Leggings,Leggings,Leggings,Gloves,Pants and Leggings,Pants,Sweatpants,Leggings and Tights,Leggings,Pants,Pants
Pants,Pants,Pants,Leggings and Tights,"Socks, Leggings, and Tights",Leggings,Pants,Jeans,Pants,Leggings,Leggings,Gloves,Leggings,Pants and Leggings,Sweatpants,Pants,Pants,Leggings and Tights,Pants,Leggings
Pants,Pants,Pants,Leggings and Tights,Leggings,"Socks, Leggings, and Tights",Pants,Pants,Jeans,Leggings,Leggings,Gloves,Leggings,Sweatpants,Pants and Leggings,Pants,Pants,Pants,Pants,Underwear
Pants,Pants,Pants,Leggings and Tights,Leggings,"Socks, Leggings, and Tights",Pants,Pants,Jeans,Leggings,Leggings,Gloves,Leggings,Pants and Leggings,Sweatpants,Pants,Pants,Pants,Pants,Leggings and Tights
Socks,Socks and Tights,Socks and Tights,"Socks, Leggings, and Tights",Socks,"Socks, Leggings, and Tights","Socks, Leggings, and Tights",Socks,"Socks, Leggings, and Tights","Socks, Leggings, and Tights",Pants,"Socks, Leggings, and Tights",Socks and Tights,"Socks, Leggings, and Tights",Socks and Tights,Socks and Tights,Pants,"Socks, Leggings, and Tights",Socks,"Socks, Leggings, and Tights"
Hats and Beanies,Sunglasses,Hats and Beanies,T-Shirts,One-Pieces,One-Pieces,Leggings,One-Pieces,One-Pieces,One-Pieces,Uniqlo U,Pajamas,Bodysuits,T-Shirts,Casual Shirts,Shorts,Shorts,T-Shirts,Pajamas,Dresses
Pants,Pants,Pants,Leggings and Tights,"Socks, Leggings, and Tights",Leggings,Pants,Jeans,Leggings,Socks,Gloves,Socks and Tights,Pants,Socks and Tights,Socks and Tights,Leggings,Pants,"Socks, Leggings, and Tights",Pants and Leggings,Socks and Tights
Pants,Pants,Pants,Leggings and Tights,Leggings,"Socks, Leggings, and Tights",Pants,Pants,Jeans,Leggings,Leggings,Gloves,Leggings,Pants and Leggings,Sweatpants,Pants,Pants,Pants,Pants,Leggings
Pants,Pants,Pants,Leggings and Tights,Leggings,"Socks, Leggings, and Tights",Pants,Jeans,Pants,Gloves,Leggings,Leggings,Leggings,Pants and Leggings,Sweatpants,Pants,Pants,Pants,"Socks, Leggings, and Tights",Leggings and Tights
Socks,"Socks, Leggings, and Tights","Socks, Leggings, and Tights",Socks,Socks,Socks,Socks,Socks,Socks,"Socks, Leggings, and Tights",Socks and Tights,Socks,Socks,Socks,Socks,"Socks, Leggings, and Tights",Socks,"Socks, Leggings, and Tights",Socks,Socks
Pants,Pants,Pants,"Socks, Leggings, and Tights",Leggings and Tights,Leggings,Pants,Jeans,Pants,Leggings,Leggings,Leggings,Pants,Gloves,Pants and Leggings,Sweatpants,Socks and Tights,Pants,Leggings and Tights,Pants
Pants,Pants,Pants,Leggings and Tights,Leggings,"Socks, Leggings, and Tights",Pants,Pants,Jeans,Leggings,Leggings,Leggings,Gloves,Sweatpants,Pants,Pants and Leggings,Pants,Pants,Pants,Leggings
Pants,Pants,Pants,Leggings and Tights,Leggings,"Socks, Leggings, and Tights",Pants,Jeans,Pants,Leggings,Gloves,Leggings,Leggings,Pants and Leggings,Sweatpants,Pants,Pants,Leggings,Leggings and Tights,Pants
Pants,Pants,Pants,Leggings,Leggings and Tights,Pants,Pants,"Socks, Leggings, and Tights",Jeans,Leggings,Gloves,Pants,Leggings,Sweatpants,Leggings,Pants and Leggings,Pants,Pants,Underwear,Pants
Pants,Pants,Pants,Leggings,Leggings and Tights,Pants,Pants,"Socks, Leggings, and Tights",Jeans,Gloves,Pants,Leggings,Sweatpants,Leggings,Underwear,Leggings,Pants and Leggings,Pants,Pants,Pants
Socks,Socks and Tights,Socks and Tights,Socks,"Socks, Leggings, and Tights","Socks, Leggings, and Tights",Socks,Socks and Tights,"Socks, Leggings, and Tights","Socks, Leggings, and Tights","Socks, Leggings, and Tights","Socks, Leggings, and Tights",Socks,Socks and Tights,Socks,"Socks, Leggings, and Tights",Socks and Tights,"Socks, Leggings, and Tights",Socks and Tights,Socks and Tights
Socks,Socks and Tights,Socks and Tights,Socks,"Socks, Leggings, and Tights","Socks, Leggings, and Tights",Socks,Socks and Tights,"Socks, Leggings, and Tights","Socks, Leggings, and Tights","Socks, Leggings, and Tights","Socks, Leggings, and Tights",Socks,Socks and Tights,Socks,"Socks, Leggings, and Tights",Socks and Tights,"Socks, Leggings, and Tights",Socks and Tights,Socks and Tights
Pants,Pants,Pants,Leggings and Tights,"Socks, Leggings, and Tights",Leggings,Pants,Pants,Jeans,Leggings,Leggings,Leggings,Pants and Leggings,Gloves,Sweatpants,Pants,Leggings and Tights,Pants,Pants,Pants
Pants,Pants,Pants,Leggings and Tights,"Socks, Leggings, and Tights",Leggings,Pants,Pants,Jeans,Leggings,Leggings,Leggings,Gloves,Pants and Leggings,Sweatpants,Pants,Leggings and Tights,Pants,Leggings,Pants
Pants,Pants,Pants,Leggings and Tights,Leggings,"Socks, Leggings, and Tights",Pants,Pants,Jeans,Gloves,Leggings,Leggings,Leggings,Pants and Leggings,Sweatpants,Pants,Leggings,Pants,Underwear,Pants
Pants,Pants,Pants,"Socks, Leggings, and Tights",Leggings and Tights,Jeans,Leggings,Pants,Socks,Pants,Socks and Tights,Pants,Socks and Tights,Leggings,Leggings,Leggings,Pants,Pants and Leggings,Leggings and Tights,Sweatpants
Pants,Socks,Pants,Socks and Tights,Pants,"Socks, Leggings, and Tights",Socks and Tights,Socks and Tights,"Socks, Leggings, and Tights","Socks, Leggings, and Tights",Socks and Tights,"Socks, Leggings, and Tights","Socks, Leggings, and Tights",Jeans,"Socks, Leggings, and Tights",Socks and Tights,Leggings and Tights,Socks and Tights,Pants,"Socks, Leggings, and Tights"
Pants,Pants,Pants,Leggings and Tights,Leggings,Pants,Pants,Gloves,Jeans,"Socks, Leggings, and Tights",Leggings,Leggings,Sweatpants,Underwear,Pants and Leggings,Pants,Leggings,Pants,Pants,Underwear
Pants,Pants,Pants,Leggings and Tights,Leggings,"Socks, Leggings, and Tights",Pants,Pants,Jeans,Leggings,Gloves,Leggings,Leggings,Pants and Leggings,Sweatpants,Pants,Pants,Pants,Pants,Leggings
Pants,Pants,Pants,"Socks, Leggings, and Tights",Leggings and Tights,Leggings,Pants,Jeans,Pants,Leggings,Leggings,Leggings,Pants,Pants and Leggings,Gloves,Socks and Tights,Sweatpants,Leggings and Tights,Pants,Socks and Tights
Pants,Pants,Pants,Leggings and Tights,Leggings,"Socks, Leggings, and Tights",Pants,Pants,Jeans,Leggings,Leggings,Gloves,Leggings,Pants and Leggings,Sweatpants,Pants,Pants,Pants,Pants,Leggings and Tights
Pants,Pants,Pants,"Socks, Leggings, and Tights",Leggings and Tights,Socks,Jeans,Leggings,Pants,Socks and Tights,Socks and Tights,Leggings,Socks and Tights,Pants,Pants,Socks and Tights,"Socks, Leggings, and Tights",Leggings,Pants,Leggings
Uniqlo U,Uniqlo U,T-Shirts,Sunglasses,Casual Shirts,Uniqlo U,Uniqlo U,One-Pieces,One-Pieces,T-Shirts,Uniqlo U,Uniqlo U,Dresses,Uniqlo U,Uniqlo U,Ines de la Fressange,Pajamas,Socks,Hana Tajima,Hana Tajima
Pants,Pants,Pants,"Socks, Leggings, and Tights",Leggings and Tights,Leggings,Jeans,Pants,Pants,Leggings,Leggings,Pants,Leggings,Sweatpants,Pants and Leggings,Gloves,Pants,Socks and Tights,Pants,Leggings and Tights
Pants,Pants,Pants,Leggings and Tights,Leggings,Pants,Pants,"Socks, Leggings, and Tights",Jeans,Leggings,Gloves,Leggings,Leggings,Sweatpants,Pants and Leggings,Pants,Pants,Pants,Underwear,Pants
Pants,Pants,Pants,Leggings and Tights,Leggings,"Socks, Leggings, and Tights",Pants,Jeans,Pants,Leggings,Gloves,Leggings,Leggings,Pants and Leggings,Sweatpants,Pants,Leggings and Tights,Pants,Pants,"Socks, Leggings, and Tights"
Pants,Pants,Pants,"Socks, Leggings, and Tights",Leggings and Tights,Leggings,Pants,Jeans,Pants,Leggings,Leggings,Leggings,Gloves,Pants and Leggings,Pants,Sweatpants,Socks and Tights,Pants,Leggings and Tights,Leggings
Pants,Pants,Pants,Leggings,Leggings and Tights,Pants,Pants,"Socks, Leggings, and Tights",Jeans,Leggings,Gloves,Leggings,Leggings,Sweatpants,Pants,Pants and Leggings,Pants,Pants,Underwear,Pants
Pants,Pants,Pants,"Socks, Leggings, and Tights",Socks,Socks and Tights,Leggings and Tights,Jeans,Socks and Tights,Leggings,Pants,Socks and Tights,"Socks, Leggings, and Tights","Socks, Leggings, and Tights",Socks and Tights,"Socks, Leggings, and Tights",Pants,Pants,Leggings,Leggings
Pants,Pants,Pants,"Socks, Leggings, and Tights",Leggings and Tights,Leggings,Pants,Jeans,Pants,Leggings,Leggings,Leggings,Gloves,Pants and Leggings,Sweatpants,Pants,Socks and Tights,Pants,Leggings and Tights,Pants
Pants,Pants,Pants,Leggings and Tights,Leggings,"Socks, Leggings, and Tights",Pants,Pants,Jeans,Leggings,Leggings,Leggings,Gloves,Pants and Leggings,Sweatpants,Pants,Leggings and Tights,Pants,Leggings,Pants
Pants,Pants,Pants,"Socks, Leggings, and Tights",Leggings and Tights,Leggings,Jeans,Pants,Pants,Leggings,Pants,Leggings,Leggings,Sweatpants,Pants and Leggings,Pants,Socks and Tights,Gloves,Sweatpants,Leggings and Tights
Pants,Pants,Pants,Leggings and Tights,Leggings,Pants,Pants,"Socks, Leggings, and Tights",Jeans,Gloves,Leggings,Leggings,Leggings,Sweatpants,Pants and Leggings,Pants,Pants,Pants,Pants,Underwear
Socks,Socks and Tights,Socks and Tights,"Socks, Leggings, and Tights","Socks, Leggings, and Tights","Socks, Leggings, and Tights","Socks, Leggings, and Tights",Pants,Socks and Tights,Pants,Socks and Tights,"Socks, Leggings, and Tights",Socks,Pants,Socks and Tights,"Socks, Leggings, and Tights","Socks, Leggings, and Tights",Socks and Tights,Socks,Jeans
Pants,Pants,Pants,Leggings and Tights,"Socks, Leggings, and Tights",Leggings,Pants,Jeans,Leggings,Gloves,Pants,Leggings,Leggings,Pants and Leggings,Pants,Sweatpants,"Socks, Leggings, and Tights",Socks and Tights,Undershirts,Pants
Pants,Pants,Pants,"Socks, Leggings, and Tights",Leggings and Tights,Leggings,Jeans,Pants,Pants,Leggings,Socks,Leggings,Pants,Leggings,Socks and Tights,Socks and Tights,Sweatpants,Pants and Leggings,Gloves,Pants
Pants,Pants,Pants,Leggings and Tights,"Socks, Leggings, and Tights",Leggings,Pants,Jeans,Pants,Leggings,Leggings,Leggings,Gloves,Pants and Leggings,Sweatpants,Pants,Leggings and Tights,Pants,Pants,Leggings
Pants,Pants,Pants,"Socks, Leggings, and Tights",Leggings and Tights,Leggings,Pants,Jeans,Pants,Leggings,Leggings,Leggings,Gloves,Pants and Leggings,Pants,Sweatpants,Pants,Socks and Tights,Leggings and Tights,Leggings
Pants,Pants,Pants,Leggings and Tights,Leggings,"Socks, Leggings, and Tights",Pants,Pants,Jeans,Leggings,Leggings,Gloves,Leggings,Sweatpants,Pants and Leggings,Pants,Pants,Pants,Pants,Leggings and Tights
Pants,Pants,Pants,"Socks, Leggings, and Tights",Leggings and Tights,Leggings,Pants,Jeans,Leggings,Pants,Leggings,Socks and Tights,Leggings,Gloves,Pants,Socks and Tights,Pants,Pants and Leggings,Socks,Leggings and Tights
Pants,Pants,Pants,Leggings and Tights,Leggings,"Socks, Leggings, and Tights",Pants,Pants,Jeans,Leggings,Leggings,Gloves,Leggings,Pants and Leggings,Sweatpants,Pants,Leggings and Tights,Pants,Leggings,Pants
Pants,Pants,Pants,Leggings and Tights,Leggings,"Socks, Leggings, and Tights",Pants,Pants,Jeans,Leggings,Leggings,Gloves,Leggings,Pants and Leggings,Sweatpants,Pants,Pants,Leggings,Leggings and Tights,Pants
Pants,Pants,Pants,Leggings and Tights,"Socks, Leggings, and Tights",Leggings,Pants,Jeans,Pants,Leggings,Leggings,Leggings,Gloves,Pants and Leggings,Sweatpants,Pants,Pants,Leggings and Tights,Leggings,Pants
Pants,Socks,Pants,Pants,Socks and Tights,"Socks, Leggings, and Tights",Socks and Tights,"Socks, Leggings, and Tights",Socks and Tights,Socks,"Socks, Leggings, and Tights","Socks, Leggings, and Tights",Socks and Tights,Socks,Jeans,"Socks, Leggings, and Tights",Socks and Tights,"Socks, Leggings, and Tights","Socks, Leggings, and Tights",Socks and Tights
Pants,Pants,Pants,"Socks, Leggings, and Tights",Leggings and Tights,Leggings,Pants,Jeans,Pants,Leggings,Leggings,Leggings,Pants,Sweatpants,Pants and Leggings,Gloves,Pants,Leggings and Tights,Pants,Sweatpants
Pants,Pants,Pants,"Socks, Leggings, and Tights",Leggings and Tights,Leggings,Jeans,Pants,Pants,Leggings,Socks and Tights,Leggings,Socks,Socks and Tights,Leggings,Pants,Pants,Gloves,Pants and Leggings,Leggings and Tights
Pants,Pants,Pants,Leggings and Tights,Leggings,"Socks, Leggings, and Tights",Pants,Jeans,Pants,Leggings,Gloves,Leggings,Leggings,Pants and Leggings,Sweatpants,Pants,Pants,"Socks, Leggings, and Tights",Pants,Underwear
Pants,Pants,Socks,Pants,Socks and Tights,"Socks, Leggings, and Tights",Socks and Tights,"Socks, Leggings, and Tights",Socks and Tights,"Socks, Leggings, and Tights",Socks and Tights,"Socks, Leggings, and Tights",Jeans,Leggings and Tights,"Socks, Leggings, and Tights","Socks, Leggings, and Tights",Pants,Socks and Tights,Leggings,Socks and Tights
Pants,Pants,Socks,Pants,"Socks, Leggings, and Tights",Socks and Tights,Socks and Tights,Socks and Tights,"Socks, Leggings, and Tights",Socks and Tights,"Socks, Leggings, and Tights",Jeans,"Socks, Leggings, and Tights",Leggings and Tights,Pants,"Socks, Leggings, and Tights","Socks, Leggings, and Tights",Leggings,Pants,Socks and Tights
Pants,Socks,Pants,Socks and Tights,Socks and Tights,"Socks, Leggings, and Tights",Pants,"Socks, Leggings, and Tights",Socks and Tights,"Socks, Leggings, and Tights",Socks and Tights,"Socks, Leggings, and Tights",Socks and Tights,Socks,"Socks, Leggings, and Tights","Socks, Leggings, and Tights","Socks, Leggings, and Tights",Socks,Jeans,Leggings and Tights
Pants,Pants,Pants,Leggings and Tights,"Socks, Leggings, and Tights",Leggings,Pants,Jeans,Pants,Leggings,Leggings,Gloves,Leggings,Pants and Leggings,Sweatpants,Pants,Pants,Leggings and Tights,Pants,Leggings
Pants,Pants,Pants,Leggings and Tights,"Socks, Leggings, and Tights",Leggings,Pants,Pants,Jeans,Leggings,Leggings,Gloves,Leggings,Pants and Leggings,Sweatpants,Pants,Pants,Leggings and Tights,Pants,Leggings
Pants,Pants,Pants,"Socks, Leggings, and Tights",Leggings and Tights,Pants,Leggings,Jeans,Pants,Leggings,Pants,Pants,Leggings,Sweatpants,Sweatpants,Pants and Leggings,Leggings,Pants,Pants,Leggings and Tights
Pants,Pants,Pants,"Socks, Leggings, and Tights",Socks,Socks and Tights,Leggings and Tights,Socks and Tights,Jeans,Pants,Socks and Tights,Leggings,Socks and Tights,"Socks, Leggings, and Tights",Pants,"Socks, Leggings, and Tights",Pants,"Socks, Leggings, and Tights","Socks, Leggings, and Tights",Leggings
Pants,Pants,Pants,"Socks, Leggings, and Tights",Leggings and Tights,Leggings,Pants,Jeans,Leggings,Pants,Leggings,Socks and Tights,Gloves,Leggings,Pants,Pants and Leggings,Pants,Socks and Tights,Socks,Sweatpants
Socks,Socks and Tights,"Socks, Leggings, and Tights",Socks and Tights,Socks,"Socks, Leggings, and Tights",Socks,"Socks, Leggings, and Tights","Socks, Leggings, and Tights",Socks,Socks and Tights,Socks,Socks and Tights,"Socks, Leggings, and Tights","Socks, Leggings, and Tights","Socks, Leggings, and Tights",Socks and Tights,Socks and Tights,"Socks, Leggings, and Tights","Socks, Leggings, and Tights"
Pants,Pants,Pants,"Socks, Leggings, and Tights",Leggings and Tights,Leggings,Pants,Jeans,Pants,Leggings,Leggings,Leggings,Pants,Gloves,Pants and Leggings,Sweatpants,Leggings and Tights,Pants,Pants,Leggings
Pants,Pants,Pants,"Socks, Leggings, and Tights",Leggings and Tights,Leggings,Pants,Jeans,Pants,Leggings,Leggings,Leggings,Pants,Pants and Leggings,Gloves,Sweatpants,Socks and Tights,Pants,Leggings and Tights,Socks and Tights
