Men,Men,Men,Men,Men,Men,Men,Men,Men,Men,Men,Men,Men,Men,Men,Men,Men,Men,Men,Men,Men
UT Graphic Tees,UT Graphic Tees,UT Graphic Tees,UT Graphic Tees,UT Graphic Tees,UT Graphic Tees,UT Graphic Tees,UT Graphic Tees,UT Graphic Tees,UT Graphic Tees,UT Graphic Tees,UT Graphic Tees,UT Graphic Tees,UT Graphic Tees,UT Graphic Tees,UT Graphic Tees,Kids,UT Graphic Tees,UT Graphic Tees,Men,UT Graphic Tees
Baby,Baby,Baby,Baby,Women,Women,Women,Baby,Baby,Baby,Baby,Baby,Men,Baby,Baby,Baby,Women,Baby,Men,Women,Baby
Baby,Baby,Baby,Baby,Baby,Baby,Baby,Baby,Baby,Baby,Baby,Baby,Baby,Baby,Baby,Baby,Baby,Baby,Baby,Baby,Baby
Baby,Baby,Baby,Baby,Baby,Baby,Baby,Baby,Baby,Baby,Baby,Baby,Baby,Baby,Baby,Baby,Baby,Baby,Baby,Baby,Baby
Baby,Men,Men,Kids,Women,Baby,Baby,Kids,Men,Baby,Baby,Women,Women,Baby,Men,Men,Women,Baby,Men,Men,Baby
Baby,Men,Men,Men,Men,Men,Men,Men,Men,Men,Men,Men,Men,Men,Women,Men,Men,Women,Women,Men,Women
Men,Men,UT Graphic Tees,Men,UT Graphic Tees,UT Graphic Tees,UT Graphic Tees,UT Graphic Tees,UT Graphic Tees,UT Graphic Tees,UT Graphic Tees,UT Graphic Tees,Kids,UT Graphic Tees,Kids,UT Graphic Tees,UT Graphic Tees,Women,Kids,Men,Kids
Men,Men,Men,Men,Men,Men,Men,Men,Men,Men,Men,Men,Men,Men,Women,Men,Men,Men,Women,Men,Men
Men,Women,Kids,Men,Women,Kids,Kids,Men,Men,Men,Women,Men,Women,Kids,Men,Men,Men,Men,Men,Men,Women
Men,Kids,Kids,Men,Men,Women,Kids,Men,Kids,Women,Men,Men,Men,Men,Men,Men,Women,Men,Men,Women,Kids
Kids,Women,Men,Kids,Kids,Women,Men,Women,Women,Women,Women,Women,Women,Men,Women,Women,Men,Men,Women,Women,Women
UT Graphic Tees,UT Graphic Tees,UT Graphic Tees,UT Graphic Tees,UT Graphic Tees,UT Graphic Tees,UT Graphic Tees,UT Graphic Tees,UT Graphic Tees,UT Graphic Tees,UT Graphic Tees,UT Graphic Tees,UT Graphic Tees,UT Graphic Tees,UT Graphic Tees,UT Graphic Tees,UT Graphic Tees,Kids,Men,UT Graphic Tees,Men
UT Graphic Tees,UT Graphic Tees,UT Graphic Tees,UT Graphic Tees,UT Graphic Tees,UT Graphic Tees,UT Graphic Tees,UT Graphic Tees,UT Graphic Tees,UT Graphic Tees,UT Graphic Tees,UT Graphic Tees,UT Graphic Tees,UT Graphic Tees,Men,UT Graphic Tees,UT Graphic Tees,UT Graphic Tees,Kids,UT Graphic Tees,UT Graphic Tees
Kids,Women,Men,Men,Women,Women,Women,Men,Women,Women,Kids,Women,Men,Men,Women,Women,Men,Women,Women,Women,Men
Kids,Men,Men,Men,Women,Men,Men,Women,Men,Women,Men,Men,Women,Women,Women,Men,Men,Men,Men,Women,Women
Men,Men,Men,Men,Men,Men,Men,Men,Men,Men,Men,Men,Men,Men,Men,Men,Men,Men,Men,Men,Men
Men,Men,Men,Men,Men,Men,Men,Men,Men,Men,Men,Men,Men,Men,Men,Men,Men,Men,Men,Men,Women
Men,Women,Kids,Men,Women,Men,Men,Men,Women,Baby,Baby,Baby,Men,Men,Baby,Baby,Baby,Men,Baby,Baby,Kids
UT Graphic Tees,Men,UT Graphic Tees,UT Graphic Tees,UT Graphic Tees,Men,UT Graphic Tees,UT Graphic Tees,UT Graphic Tees,Kids,Kids,Women,Kids,UT Graphic Tees,UT Graphic Tees,Kids,UT Graphic Tees,UT Graphic Tees,Women,UT Graphic Tees,UT Graphic Tees
UT Graphic Tees,Men,UT Graphic Tees,UT Graphic Tees,UT Graphic Tees,Men,UT Graphic Tees,UT Graphic Tees,UT Graphic Tees,Kids,Kids,Women,Kids,UT Graphic Tees,UT Graphic Tees,Kids,UT Graphic Tees,UT Graphic Tees,Women,UT Graphic Tees,UT Graphic Tees
Kids,Men,Men,Men,Kids,Kids,Women,Women,UT Graphic Tees,UT Graphic Tees,Men,Men,Men,Women,UT Graphic Tees,Men,UT Graphic Tees,UT Graphic Tees,Men,Women,Kids
Kids,Men,Men,Women,Men,Men,Men,Men,Baby,Men,Men,Men,Baby,Men,Men,Baby,Baby,Men,Baby,Men,Men
Kids,Kids,Kids,Kids,Kids,Kids,Kids,Kids,Kids,Women,Kids,Kids,Kids,Kids,Kids,Women,Kids,Kids,Women,Kids,Men
UT Graphic Tees,UT Graphic Tees,UT Graphic Tees,UT Graphic Tees,UT Graphic Tees,UT Graphic Tees,UT Graphic Tees,UT Graphic Tees,UT Graphic Tees,UT Graphic Tees,UT Graphic Tees,Men,UT Graphic Tees,UT Graphic Tees,UT Graphic Tees,UT Graphic Tees,UT Graphic Tees,UT Graphic Tees,UT Graphic Tees,Men,UT Graphic Tees
UT Graphic Tees,UT Graphic Tees,UT Graphic Tees,UT Graphic Tees,UT Graphic Tees,UT Graphic Tees,UT Graphic Tees,Men,UT Graphic Tees,Kids,UT Graphic Tees,UT Graphic Tees,UT Graphic Tees,UT Graphic Tees,UT Graphic Tees,UT Graphic Tees,UT Graphic Tees,UT Graphic Tees,Men,UT Graphic Tees,UT Graphic Tees
UT Graphic Tees,UT Graphic Tees,UT Graphic Tees,UT Graphic Tees,UT Graphic Tees,UT Graphic Tees,UT Graphic Tees,UT Graphic Tees,UT Graphic Tees,UT Graphic Tees,UT Graphic Tees,UT Graphic Tees,UT Graphic Tees,UT Graphic Tees,Kids,Kids,UT Graphic Tees,UT Graphic Tees,UT Graphic Tees,UT Graphic Tees,UT Graphic Tees
UT Graphic Tees,UT Graphic Tees,Kids,UT Graphic Tees,UT Graphic Tees,UT Graphic Tees,Men,Men,UT Graphic Tees,UT Graphic Tees,UT Graphic Tees,UT Graphic Tees,UT Graphic Tees,UT Graphic Tees,Kids,Kids,UT Graphic Tees,UT Graphic Tees,UT Graphic Tees,Men,UT Graphic Tees
Kids,Kids,Kids,Kids,Kids,Kids,Kids,Kids,Women,Women,Women,Women,Kids,Women,Women,Kids,Kids,Women,Baby,Baby,Kids
UT Graphic Tees,UT Graphic Tees,UT Graphic Tees,UT Graphic Tees,UT Graphic Tees,UT Graphic Tees,UT Graphic Tees,UT Graphic Tees,UT Graphic Tees,UT Graphic Tees,UT Graphic Tees,UT Graphic Tees,Men,UT Graphic Tees,UT Graphic Tees,UT Graphic Tees,Kids,Kids,UT Graphic Tees,Kids,UT Graphic Tees
UT Graphic Tees,UT Graphic Tees,UT Graphic Tees,UT Graphic Tees,UT Graphic Tees,UT Graphic Tees,UT Graphic Tees,UT Graphic Tees,UT Graphic Tees,UT Graphic Tees,UT Graphic Tees,UT Graphic Tees,UT Graphic Tees,UT Graphic Tees,UT Graphic Tees,UT Graphic Tees,UT Graphic Tees,UT Graphic Tees,UT Graphic Tees,UT Graphic Tees,Women
UT Graphic Tees,UT Graphic Tees,UT Graphic Tees,UT Graphic Tees,UT Graphic Tees,UT Graphic Tees,UT Graphic Tees,UT Graphic Tees,UT Graphic Tees,UT Graphic Tees,UT Graphic Tees,UT Graphic Tees,Men,UT Graphic Tees,UT Graphic Tees,UT Graphic Tees,UT Graphic Tees,UT Graphic Tees,UT Graphic Tees,Kids,UT Graphic Tees
Men,Men,Men,Men,Men,Men,Kids,Kids,Kids,Men,Men,Men,Men,Men,Men,Women,Men,Men,Men,Kids,Men
Men,Men,Men,Men,Men,Men,Men,Men,Men,Men,Men,Men,Women,Men,Men,Kids,Women,Women,Men,Men,Kids
Men,Men,Men,Men,Men,Men,Men,Men,Men,Men,Women,Women,Men,Men,Kids,Men,Men,Women,Men,Men,Women
Men,Men,Men,Men,Men,Men,Men,Men,Men,Men,Men,Women,Men,Men,Men,Women,Men,Men,Kids,Men,Men
Men,Men,Women,Men,Men,Men,Men,Women,Women,Women,Men,Men,Men,Men,Men,Women,Men,Men,Men,Men,Men
Men,Women,Men,Women,Men,UT Graphic Tees,Men,UT Graphic Tees,Men,Men,Men,Men,UT Graphic Tees,UT Graphic Tees,UT Graphic Tees,UT Graphic Tees,UT Graphic Tees,UT Graphic Tees,UT Graphic Tees,Kids,Women
Men,Men,Men,Men,Men,Men,Men,Men,Men,Men,Men,Women,Men,Men,Women,Men,Women,Men,Men,Men,Women
Men,Men,Men,Men,Men,Men,Men,Men,Men,Men,Men,Men,Men,Women,Men,Men,Women,Baby,Men,Men,Men
Men,Men,Men,Men,Men,Kids,Women,Women,Women,Men,Women,Women,Men,Women,Men,Men,Women,Men,Women,Men,Women
Men,Men,Men,Men,Men,Women,Men,Men,Men,Women,Men,Men,Men,Women,Men,Men,Men,Men,Women,Men,Men
Men,Men,Men,Kids,Women,Men,Men,Women,Men,Men,Men,Men,Women,Men,Men,Men,Men,Men,Men,Men,Men
Men,Kids,Kids,Men,Men,Men,Men,Women,Kids,Men,Men,Women,UT Graphic Tees,UT Graphic Tees,Women,Men,Men,Men,UT Graphic Tees,Women,Men
Men,Men,Men,Men,Men,Men,Men,Men,Men,Men,Women,Men,Men,Men,Men,Men,Men,Women,Women,Men,Men
Men,Kids,Men,Women,Baby,Men,Baby,Women,Men,Men,Baby,Kids,Men,Baby,Men,Baby,Baby,Women,Men,Men,Women
Men,Men,Men,Women,Men,Men,Women,Men,Men,Men,Men,Women,Men,Kids,Men,Men,Men,Men,Men,Women,Men
Men,Men,Men,Men,Men,Men,Men,Men,Men,Men,Men,Men,Men,Men,Men,Men,Men,Kids,Men,Men,Men
Men,Men,Men,Men,Men,Men,Men,Men,Men,Baby,Men,Men,Men,Men,Men,Women,Men,Baby,Baby,Men,Men
Men,Women,Women,Women,Women,Women,Women,Women,Kids,Women,Women,Women,Women,Women,Women,Women,Women,Men,Women,Women,Women
Men,Men,Men,Men,Men,Men,Men,Men,Men,Men,Men,Men,Men,Kids,Men,Men,Baby,Men,Kids,Men,Kids
Men,Men,Men,Men,Men,Men,Men,Men,Men,Men,Men,Men,Baby,Men,Men,Kids,Men,Men,Women,Men,Men
Men,Men,Men,Men,Men,Men,Women,Men,Men,Kids,Men,Men,Women,Kids,Men,Men,Women,Women,Men,Kids,Men
Men,Men,Men,Men,Men,Men,Women,Men,Men,Kids,Men,Men,Women,Kids,Men,Men,Women,Women,Men,Kids,Men
Men,Men,Men,Men,Men,Men,Men,Men,Men,Men,Men,Men,Men,Men,Men,Men,Men,Men,Baby,Baby,Men
Men,Men,Men,Men,Men,Men,Men,Men,Men,Men,Men,Men,Men,Men,Men,Men,Men,Men,Men,Baby,Men
Baby,Baby,Men,Women,Kids,Kids,Women,Women,Women,Men,Men,Women,Men,Men,Women,Men,Women,Women,Kids,Men,Women
Men,Men,Men,Men,Men,Men,Men,Men,Men,Men,Men,Men,Women,Women,Men,Men,Men,Men,Men,Men,Men
Men,Men,Men,Men,Men,Women,Men,Men,Men,Men,Men,Women,Men,Men,Men,Men,Men,Men,Men,Men,Women
Men,Men,Men,Men,Men,Men,Men,Men,Women,Men,Men,Men,Women,Kids,Kids,Men,UT Graphic Tees,Women,Men,Men,Kids
Men,Men,Men,Men,Men,Men,Men,Men,Women,Men,Men,Men,Men,Men,Men,Men,Men,Baby,Women,Women,Men
Baby,Kids,Baby,Men,Kids,Kids,Women,Kids,Women,Baby,Women,Women,Kids,Women,Baby,Baby,Women,Kids,Baby,Kids,Men
Baby,Women,Women,Men,Women,Women,Baby,Men,UT Graphic Tees,Women,Kids,Men,Women,Women,Men,Kids,Baby,Men,Men,Women,Men
Men,Men,Kids,Men,Men,Men,Men,Men,Men,Women,Men,Men,Women,Women,Women,Men,Women,Women,Men,Women,Women
Men,Men,Men,Men,Women,Men,Women,Men,Women,Men,Men,Men,Men,Men,Men,Men,Men,Men,Men,Women,Men
Women,Women,Women,Women,Women,Women,Women,Kids,Kids,Men,Men,Men,Kids,Women,Men,Men,Women,Men,Men,Women,Women
Women,Women,Women,Men,Men,Women,Men,Women,Men,Men,Baby,Men,Men,Men,Men,Men,Men,Men,Men,Women,Men
Women,Women,Women,Kids,Men,Kids,Kids,Women,Women,Women,Kids,Women,Kids,Kids,Women,Baby,Baby,Kids,Women,Men,Women
Women,Women,Women,Men,Women,Women,Kids,Women,Women,Men,Women,Women,Women,Women,Women,Women,Women,Women,Women,Women,Men
Women,Men,Men,Men,Women,Men,Men,Men,Women,Men,Women,Men,Women,Women,Men,Men,Men,Men,Women,Men,Men
Women,Kids,Kids,Men,Men,Men,Men,Men,Men,Men,Men,Men,Men,Men,Women,Women,Women,Men,Kids,Men,Men
Women,Women,Women,Women,Women,Men,Men,Men,Men,Men,Men,Men,Men,Men,Men,Men,Men,Women,Men,Baby,Baby
Women,Women,Women,Men,Women,Men,Women,Men,Women,Men,Women,Men,Women,Men,Men,Women,Kids,Women,Men,Women,Men
Women,Men,Kids,Men,Men,Men,Men,Kids,Men,Men,Women,Women,Men,Men,Women,Kids,Women,Men,Men,Men,Men
Women,Men,Women,Women,Women,Men,Men,Men,Women,Women,Men,Men,Women,Women,Baby,Women,UT Graphic Tees,Kids,Men,Women,Kids
Women,Men,Men,Women,Men,Men,Men,Men,Men,Men,Kids,Men,Men,Women,Women,Kids,Men,Men,Men,Men,Women
Women,Women,Women,Women,Women,Women,Women,Women,Kids,Women,Women,Kids,Kids,Kids,Kids,Women,Kids,Women,Women,Kids,Women
Women,Women,Women,Men,Men,Women,Women,Women,Men,Kids,Men,Women,Men,Men,Women,Men,Women,Men,Men,Men,Men
Women,Men,Men,Women,Women,Men,Women,Women,Baby,Baby,Women,Men,Men,Kids,Men,Women,Men,Women,Men,Men,Women
Women,Men,Men,Kids,Men,Kids,Men,Men,Men,Men,Women,Men,Women,Kids,Men,Women,Men,Men,Baby,Men,Women
Women,Women,Women,Women,Men,Baby,Women,Men,Men,Women,Women,Women,Women,Men,Men,Women,Men,Women,Women,Kids,Kids
Women,Men,Men,Women,Men,Women,Baby,Men,Baby,Men,Women,Women,Men,Women,Men,Men,Kids,Women,UT Graphic Tees,Women,Men
Women,Women,Women,Women,Women,Women,Women,Women,Women,Women,Women,Men,Women,Men,Men,Men,Women,Women,Women,Kids,Women
Women,Women,Women,Women,Women,Women,Women,Women,Women,Women,Women,Women,Women,Women,Women,Women,Kids,Kids,Women,Kids,Men
Women,Women,Women,Women,Kids,Women,Baby,Women,Women,Men,Women,Men,Men,Women,Men,Women,Men,Women,Kids,Men,Men
Women,Women,Men,Women,Men,Women,Men,Men,Men,Men,Men,Men,Women,Men,Men,Women,Women,Women,Men,Men,Men
Women,Women,Men,Men,Men,Men,Men,Women,Men,Women,Men,Men,Men,Men,Men,Men,Men,Men,Men,Women,Men
Women,Women,Women,Men,Women,Women,Women,Kids,Women,Kids,Women,Men,Women,Women,Women,Kids,Men,Women,Men,Women,Men
Women,Women,Women,Men,Women,Men,Women,Men,Men,Baby,Men,Men,Men,Women,Men,Women,Men,Men,Women,Women,Baby
Women,Women,Women,Women,Men,Women,Women,Women,Women,Women,Women,Women,Women,Women,Kids,Men,Women,Men,Women,Women,Women
Women,Women,Women,Women,Women,Men,Women,Women,Women,Women,Women,Men,Women,Kids,Men,Women,Men,Men,Women,Men,Men
Women,Kids,Women,Women,Women,Kids,Women,Women,Women,Women,Women,Women,Women,Men,Women,Men,Women,Women,Women,Men,Men
Women,Women,Women,Men,Kids,Men,Men,Women,Women,Men,Men,Men,Women,Women,Men,Women,Men,Kids,Men,Men,Men
Women,Women,Women,Kids,Women,Women,Men,Women,Women,Women,Women,Men,Women,Women,Women,Women,Women,Women,Women,Women,Women
Women,Men,Men,Men,Men,Men,Women,Men,Women,Men,Men,Men,Men,Men,Men,Men,Men,Men,Men,Men,Men
Women,Women,Men,Women,Women,Women,Women,Women,Women,Men,Women,Kids,Men,Women,Women,Men,Men,Men,Men,Men,Men
Women,Women,Women,Men,Men,Women,Men,Women,Men,Women,Women,Women,Kids,Kids,Men,Men,Men,Women,Men,Men,Women
Women,Men,Women,Women,Women,Women,Kids,Men,Men,Men,Women,Men,Women,Kids,Women,Women,Women,Women,Women,Women,Women
Women,Women,Women,Women,Women,Women,Kids,Women,Women,Women,Men,Men,Women,Women,Women,Women,Kids,Men,Women,Women,Men
Women,Women,Kids,Women,Women,Women,Kids,Kids,Women,Women,Women,Women,Women,Women,Women,Women,Women,Women,Women,Women,Women
