UT Graphic Tees/Mickey Art/Women,UT Graphic Tees/Mickey Art/Women,UT Graphic Tees/Mickey Art/Women,UT Graphic Tees/Mickey Art/Women,UT Graphic Tees/Mickey Art/Women,UT Graphic Tees/Mickey Art/Women,UT Graphic Tees/Mickey Mouse Photo Days/Adults,UT Graphic Tees/Mickey Mouse Photo Days/Adults,UT Graphic Tees/Mickey Mouse Photo Days/Adults,UT Graphic Tees/Mickey Mouse Photo Days/Kids,UT Graphic Tees/Mickey Mouse Photo Days/Adults,UT Graphic Tees/Mickey Mouse Photo Days/Adults,UT Graphic Tees/Shop All Magic for All/Women,UT Graphic Tees/Shop All Magic for All/Women,UT Graphic Tees/Shop All Magic for All/Women,UT Graphic Tees/Shop All Magic for All/Women,UT Graphic Tees/Shop All Magic for All/Women,UT Graphic Tees/Shop All Magic for All/Women,UT Graphic Tees/Shop All Magic for All/Women,UT Graphic Tees/Shop All Magic for All/Women
Men/Bottoms/Pants/Joggers and Sweatpants,Men/Bottoms/Pants/Joggers and Sweatpants,Men/Bottoms/Pants/Joggers and Sweatpants,"Women/Innerwear and Base Layers/Socks, Leggings, and Tights/Leggings",Kids/Innerwear and Base Layers/Leggings and Tights/Leggings,"Kids/Socks, Underwear and Leggings/Leggings",Women/Bottoms/Jeans/Skinny,Men/Bottoms/Pants/Dress,Men/Bottoms/Pants/Regular and Relaxed,Men/Underwear and Socks/Socks and Tights/Mid-Calf,"Kids/Socks, Underwear and Leggings/Leggings","Kids/Socks, Underwear and Leggings/Socks/Regular",Men/Underwear and Socks/Socks and Tights/Mid-Calf,Women/Bottoms/Pants/Skinny,Baby/Baby/Leggings/Full Length,Men/Underwear and Socks/Socks and Tights/Sneaker,Women/Bottoms/Pants/Leggings,Kids/Bottoms/Sweatpants,Baby/Baby/Leggings/Full Length,Women/Accessories and Shoes/Gloves
Men/Bottoms/Pants/Joggers and Sweatpants,Men/Bottoms/Pants/Joggers and Sweatpants,Men/Bottoms/Pants/Joggers and Sweatpants,"Women/Innerwear and Base Layers/Socks, Leggings, and Tights/Leggings",Kids/Innerwear and Base Layers/Leggings and Tights/Leggings,"Kids/Socks, Underwear and Leggings/Leggings",Women/Bottoms/Jeans/Skinny,Men/Bottoms/Pants/Dress,"Kids/Socks, Underwear and Leggings/Leggings",Men/Bottoms/Pants/Regular and Relaxed,Women/Bottoms/Pants/Skinny,Baby/Baby/Leggings/Full Length,Men/Underwear and Socks/Socks and Tights/Mid-Calf,Men/Underwear and Socks/Socks and Tights/Mid-Calf,Baby/Baby/Leggings/Full Length,Kids/Innerwear and Base Layers/Leggings and Tights/Leggings,Baby/Toddler/Pants and Leggings/Full,Women/Bottoms/Pants/Leggings,Kids/Bottoms/Sweatpants,"Kids/Socks, Underwear and Leggings/Socks/Regular"
Men/Bottoms/Pants/Joggers and Sweatpants,Men/Bottoms/Pants/Joggers and Sweatpants,Men/Bottoms/Pants/Joggers and Sweatpants,Kids/Innerwear and Base Layers/Leggings and Tights/Leggings,"Women/Innerwear and Base Layers/Socks, Leggings, and Tights/Leggings","Kids/Socks, Underwear and Leggings/Leggings",Men/Bottoms/Pants/Dress,Men/Bottoms/Pants/Regular and Relaxed,Women/Bottoms/Jeans/Skinny,"Kids/Socks, Underwear and Leggings/Leggings",Baby/Baby/Leggings/Full Length,Baby/Baby/Leggings/Full Length,Women/Bottoms/Pants/Skinny,Baby/Toddler/Pants and Leggings/Full,Kids/Bottoms/Sweatpants,Women/Accessories and Shoes/Gloves,Kids/Innerwear and Base Layers/Leggings and Tights/Leggings,Women/Bottoms/Pants/Leggings,Women/Bottoms/Pants/Joggers and Sweatpants,Women/Bottoms/Pants/Joggers and Sweatpants
Men/Bottoms/Pants/Joggers and Sweatpants,Men/Bottoms/Pants/Joggers and Sweatpants,Men/Bottoms/Pants/Joggers and Sweatpants,Kids/Innerwear and Base Layers/Leggings and Tights/Leggings,"Kids/Socks, Underwear and Leggings/Leggings","Women/Innerwear and Base Layers/Socks, Leggings, and Tights/Leggings",Men/Bottoms/Pants/Regular and Relaxed,Men/Bottoms/Pants/Dress,Women/Bottoms/Jeans/Skinny,"Kids/Socks, Underwear and Leggings/Leggings",Baby/Baby/Leggings/Full Length,Baby/Baby/Leggings/Full Length,Kids/Bottoms/Sweatpants,Women/Bottoms/Pants/Skinny,Baby/Toddler/Pants and Leggings/Full,Women/Accessories and Shoes/Gloves,Women/Bottoms/Pants/Lounge,Women/Bottoms/Pants/Joggers and Sweatpants,Women/Bottoms/Pants/Joggers and Sweatpants,Kids/Innerwear and Base Layers/Leggings and Tights/Leggings
Men/Bottoms/Pants/Joggers and Sweatpants,Men/Bottoms/Pants/Joggers and Sweatpants,Men/Bottoms/Pants/Joggers and Sweatpants,Kids/Innerwear and Base Layers/Leggings and Tights/Leggings,"Women/Innerwear and Base Layers/Socks, Leggings, and Tights/Leggings","Kids/Socks, Underwear and Leggings/Leggings",Men/Bottoms/Pants/Dress,Men/Bottoms/Pants/Regular and Relaxed,Women/Bottoms/Jeans/Skinny,"Kids/Socks, Underwear and Leggings/Leggings",Baby/Baby/Leggings/Full Length,Baby/Baby/Leggings/Full Length,Women/Accessories and Shoes/Gloves,Baby/Toddler/Pants and Leggings/Full,Kids/Bottoms/Sweatpants,Women/Bottoms/Pants/Skinny,Kids/Innerwear and Base Layers/Leggings and Tights/Leggings,Women/Bottoms/Pants/Joggers and Sweatpants,Women/Bottoms/Pants/Joggers and Sweatpants,Women/Bottoms/Pants/Lounge
UT Graphic Tees/Peanuts/Women,UT Graphic Tees/Peanuts Vintage/Adults,UT Graphic Tees/Peanuts Vintage/Adults,UT Graphic Tees/Peanuts/Women,UT Graphic Tees/Peanuts/Baby,UT Graphic Tees/Peanuts Vintage/Adults,UT Graphic Tees/Peanuts/Baby,UT Graphic Tees/Peanuts/Women,UT Graphic Tees/Peanuts/Women,UT Graphic Tees/Peanuts/Women,UT Graphic Tees/Peanuts/Kids,UT Graphic Tees/Peanuts Vintage/Adults,UT Graphic Tees/Peanuts/Women,UT Graphic Tees/Peanuts/Baby,UT Graphic Tees/Peanuts/Baby,UT Graphic Tees/Manga Jujutsu Kaisen/Adults,UT Graphic Tees/Manga Jujutsu Kaisen/Adults,UT Graphic Tees/Manga Jujutsu Kaisen/Adults,UT Graphic Tees/Manga Jujutsu Kaisen/Kids,UT Graphic Tees/The Brands Volkswagen/Adults
Men/Bottoms/Pants/Joggers and Sweatpants,Men/Bottoms/Pants/Joggers and Sweatpants,Men/Bottoms/Pants/Joggers and Sweatpants,Kids/Innerwear and Base Layers/Leggings and Tights/Leggings,"Women/Innerwear and Base Layers/Socks, Leggings, and Tights/Leggings","Kids/Socks, Underwear and Leggings/Leggings",Men/Bottoms/Pants/Dress,Women/Bottoms/Jeans/Skinny,Men/Bottoms/Pants/Regular and Relaxed,"Kids/Socks, Underwear and Leggings/Leggings",Baby/Baby/Leggings/Full Length,Women/Accessories and Shoes/Gloves,Baby/Baby/Leggings/Full Length,Kids/Bottoms/Sweatpants,Baby/Toddler/Pants and Leggings/Full,Women/Bottoms/Pants/Skinny,Women/Bottoms/Pants/Leggings,Kids/Innerwear and Base Layers/Leggings and Tights/Leggings,Kids/Innerwear and Base Layers/Undershirts/Long-Sleeve,Men/Underwear and Socks/Socks and Tights/Mid-Calf
Men/Bottoms/Pants/Joggers and Sweatpants,Men/Bottoms/Pants/Joggers and Sweatpants,"Kids/Socks, Underwear and Leggings/Socks/Regular",Men/Underwear and Socks/Socks and Tights/Mid-Calf,Men/Bottoms/Pants/Joggers and Sweatpants,Men/Underwear and Socks/Socks and Tights/Mid-Calf,"Women/Innerwear and Base Layers/Socks, Leggings, and Tights/Leggings","Women/Innerwear and Base Layers/Socks, Leggings, and Tights/Mid-Calf Socks",Men/Underwear and Socks/Socks and Tights/Quarter,Men/Underwear and Socks/Socks and Tights/Sneaker,"Women/Innerwear and Base Layers/Socks, Leggings, and Tights/Ankle Socks","Women/Innerwear and Base Layers/Socks, Leggings, and Tights/Mid-Calf Socks","Kids/Socks, Underwear and Leggings/Socks/Regular","Women/Innerwear and Base Layers/Socks, Leggings, and Tights/Mid-Calf Socks","Kids/Socks, Underwear and Leggings/Socks/Regular",Men/Underwear and Socks/Socks and Tights/Mid-Calf,Men/Underwear and Socks/Socks and Tights/Quarter,"Women/Innerwear and Base Layers/Socks, Leggings, and Tights/Mid-Calf Socks","Kids/Socks, Underwear and Leggings/Socks/Regular",Men/Underwear and Socks/Socks and Tights/Mid-Calf
Men/Bottoms/Pants/Joggers and Sweatpants,Men/Bottoms/Pants/Joggers and Sweatpants,Men/Bottoms/Pants/Joggers and Sweatpants,Kids/Innerwear and Base Layers/Leggings and Tights/Leggings,"Women/Innerwear and Base Layers/Socks, Leggings, and Tights/Leggings","Kids/Socks, Underwear and Leggings/Leggings",Men/Bottoms/Pants/Dress,Men/Bottoms/Pants/Regular and Relaxed,Women/Bottoms/Jeans/Skinny,"Kids/Socks, Underwear and Leggings/Leggings",Baby/Baby/Leggings/Full Length,Kids/Bottoms/Sweatpants,Baby/Baby/Leggings/Full Length,Baby/Toddler/Pants and Leggings/Full,Women/Accessories and Shoes/Gloves,Women/Bottoms/Pants/Skinny,Kids/Innerwear and Base Layers/Leggings and Tights/Leggings,Women/Bottoms/Pants/Joggers and Sweatpants,Women/Bottoms/Pants/Joggers and Sweatpants,Women/Bottoms/Pants/Leggings
Men/Bottoms/Pants/Joggers and Sweatpants,Men/Bottoms/Pants/Joggers and Sweatpants,Men/Bottoms/Pants/Joggers and Sweatpants,Kids/Innerwear and Base Layers/Leggings and Tights/Leggings,"Women/Innerwear and Base Layers/Socks, Leggings, and Tights/Leggings","Kids/Socks, Underwear and Leggings/Leggings",Men/Bottoms/Pants/Dress,Women/Bottoms/Jeans/Skinny,Men/Bottoms/Pants/Regular and Relaxed,"Kids/Socks, Underwear and Leggings/Leggings",Baby/Baby/Leggings/Full Length,Baby/Baby/Leggings/Full Length,Women/Bottoms/Pants/Skinny,Baby/Toddler/Pants and Leggings/Full,Kids/Bottoms/Sweatpants,Women/Accessories and Shoes/Gloves,Kids/Innerwear and Base Layers/Leggings and Tights/Leggings,Women/Bottoms/Pants/Leggings,Kids/Innerwear and Base Layers/Undershirts/Long-Sleeve,Women/Bottoms/Pants/Joggers and Sweatpants
Men/Bottoms/Pants/Joggers and Sweatpants,Men/Bottoms/Pants/Joggers and Sweatpants,Men/Bottoms/Pants/Joggers and Sweatpants,Kids/Innerwear and Base Layers/Leggings and Tights/Leggings,"Kids/Socks, Underwear and Leggings/Leggings","Women/Innerwear and Base Layers/Socks, Leggings, and Tights/Leggings",Men/Bottoms/Pants/Regular and Relaxed,Men/Bottoms/Pants/Dress,Women/Bottoms/Jeans/Skinny,"Kids/Socks, Underwear and Leggings/Leggings",Baby/Baby/Leggings/Full Length,Kids/Bottoms/Sweatpants,Baby/Baby/Leggings/Full Length,Baby/Toddler/Pants and Leggings/Full,Women/Bottoms/Pants/Skinny,Women/Accessories and Shoes/Gloves,Women/Bottoms/Pants/Lounge,Women/Bottoms/Pants/Joggers and Sweatpants,Women/Bottoms/Pants/Joggers and Sweatpants,Kids/Innerwear and Base Layers/Leggings and Tights/Leggings
UT Graphic Tees/Manga Jujutsu Kaisen/Adults,UT Graphic Tees/Manga Jujutsu Kaisen/Adults,UT Graphic Tees/Manga Jujutsu Kaisen/Adults,UT Graphic Tees/Manga Jujutsu Kaisen/Kids,UT Graphic Tees/Peanuts/Kids,UT Graphic Tees/Peanuts/Women,UT Graphic Tees/Peanuts/Women,UT Graphic Tees/Peanuts/Women,UT Graphic Tees/Peanuts/Women,UT Graphic Tees/Peanuts/Women,UT Graphic Tees/Peanuts/Baby,UT Graphic Tees/Peanuts Vintage/Adults,UT Graphic Tees/Peanuts Vintage/Adults,UT Graphic Tees/Peanuts Vintage/Adults,UT Graphic Tees/Peanuts/Baby,UT Graphic Tees/Peanuts/Baby,UT Graphic Tees/Peanuts/Baby,UT Graphic Tees/Peanuts Vintage/Adults,UT Graphic Tees/Peanuts/Women,UT Graphic Tees/Anime Jujutsu Kaisen/Kids
"Kids/Socks, Underwear and Leggings/Socks/Regular","Kids/Socks, Underwear and Leggings/Socks/Regular","Women/Innerwear and Base Layers/Socks, Leggings, and Tights/Mid-Calf Socks","Kids/Socks, Underwear and Leggings/Socks/Regular",Men/Underwear and Socks/Socks and Tights/Sneaker,"Women/Innerwear and Base Layers/Socks, Leggings, and Tights/Mid-Calf Socks",Men/Underwear and Socks/Socks and Tights/Colorful 50,"Kids/Socks, Underwear and Leggings/Socks/Regular","Kids/Socks, Underwear and Leggings/Socks","Kids/Socks, Underwear and Leggings/Socks","Women/Innerwear and Base Layers/Socks, Leggings, and Tights/Mid-Calf Socks","Kids/Socks, Underwear and Leggings/Socks/Regular",Men/Underwear and Socks/Socks and Tights/Quarter,"Kids/Socks, Underwear and Leggings/Socks","Kids/Socks, Underwear and Leggings/Socks/Sneaker","Kids/Socks, Underwear and Leggings/Socks/Regular",Men/Underwear and Socks/Socks and Tights/Mid-Calf,"Women/Innerwear and Base Layers/Socks, Leggings, and Tights/Mid-Calf Socks","Kids/Socks, Underwear and Leggings/Socks","Kids/Socks, Underwear and Leggings/Socks"
Men/Bottoms/Pants/Joggers and Sweatpants,Men/Bottoms/Pants/Joggers and Sweatpants,Men/Bottoms/Pants/Joggers and Sweatpants,Kids/Innerwear and Base Layers/Leggings and Tights/Leggings,"Kids/Socks, Underwear and Leggings/Leggings","Women/Innerwear and Base Layers/Socks, Leggings, and Tights/Leggings",Men/Bottoms/Pants/Regular and Relaxed,Men/Bottoms/Pants/Dress,Women/Bottoms/Jeans/Skinny,"Kids/Socks, Underwear and Leggings/Leggings",Baby/Baby/Leggings/Full Length,Baby/Baby/Leggings/Full Length,Kids/Bottoms/Sweatpants,Baby/Toddler/Pants and Leggings/Full,Women/Bottoms/Pants/Skinny,Women/Accessories and Shoes/Gloves,Women/Bottoms/Pants/Lounge,Women/Bottoms/Pants/Joggers and Sweatpants,Women/Bottoms/Pants/Joggers and Sweatpants,Kids/Innerwear and Base Layers/Leggings and Tights/Leggings
Men/Bottoms/Pants/Joggers and Sweatpants,Men/Bottoms/Pants/Joggers and Sweatpants,Men/Bottoms/Pants/Joggers and Sweatpants,Kids/Innerwear and Base Layers/Leggings and Tights/Leggings,"Kids/Socks, Underwear and Leggings/Leggings","Women/Innerwear and Base Layers/Socks, Leggings, and Tights/Leggings",Men/Bottoms/Pants/Regular and Relaxed,Men/Bottoms/Pants/Dress,Women/Bottoms/Jeans/Skinny,"Kids/Socks, Underwear and Leggings/Leggings",Baby/Baby/Leggings/Full Length,Women/Accessories and Shoes/Gloves,Kids/Bottoms/Sweatpants,Baby/Baby/Leggings/Full Length,Baby/Toddler/Pants and Leggings/Full,Women/Bottoms/Pants/Skinny,Women/Bottoms/Pants/Joggers and Sweatpants,Women/Bottoms/Pants/Joggers and Sweatpants,Women/Bottoms/Pants/Lounge,Men/Underwear and Socks/Underwear/Boxers
Men/Collaborations/Uniqlo U/Accessories,Men/Tops/T-Shirts/Oversized,Women/Collaborations/Uniqlo U/Sweatshirts and Sweatpants,Men/Collaborations/Uniqlo U/Bottoms,Men/Accessories and Shoes/Sunglasses,Men/Tops/Casual Shirts/Extra Fine Cotton,Men/Collaborations/Uniqlo U/Shirts,Women/Tops/T-Shirts/Fashion,Men/Collaborations/Uniqlo U/Bottoms,Women/Collaborations/Uniqlo U/Shirts and Blouses,Men/Accessories and Shoes/Hats and Beanies,Kids/Bottoms/Leggings,Kids/Collaborations/Uniqlo U/Outerwear,Baby/Baby/One-Pieces/Long-Sleeve,Baby/Baby/One-Pieces/Long-Sleeve,Men/Collaborations/Uniqlo U/Sweatshirts and Sweatpants,Women/Loungewear/Pajamas,Women/Loungewear/Pajamas,Kids/Tops/T-Shirts/Short Sleeve,Men/Tops/T-Shirts/Active
UT Graphic Tees/Mamoru Hosoda/Adults,UT Graphic Tees/Mamoru Hosoda/Adults,UT Graphic Tees/Magic For All Icons/Adults,UT Graphic Tees/Magic For All Icons/Adults,UT Graphic Tees/Magic For All Icons/Adults,UT Graphic Tees/Magic For All Icons/Kids,UT Graphic Tees/Magic For All Icons/Kids,UT Graphic Tees/Magic For All Icons/Kids,UT Graphic Tees/Magic For All Icons/Kids,UT Graphic Tees/Magic For All Icons/Baby,UT Graphic Tees/Magic For All Icons/Adults,UT Graphic Tees/Magic For All Icons/Kids,UT Graphic Tees/Magic For All Icons/Adults,UT Graphic Tees/Magic For All Icons/Adults,UT Graphic Tees/Magic For All Icons/Adults,UT Graphic Tees/Magic For All Icons/Adults,UT Graphic Tees/Magic For All Icons/Adults,UT Graphic Tees/Magic For All Icons/Adults,UT Graphic Tees/Magic For All Icons/Adults,UT Graphic Tees/Magic For All Icons/Adults
Men/Bottoms/Pants/Joggers and Sweatpants,Men/Bottoms/Pants/Joggers and Sweatpants,Men/Bottoms/Pants/Joggers and Sweatpants,Kids/Innerwear and Base Layers/Leggings and Tights/Leggings,"Kids/Socks, Underwear and Leggings/Leggings","Women/Innerwear and Base Layers/Socks, Leggings, and Tights/Leggings",Men/Bottoms/Pants/Regular and Relaxed,Men/Bottoms/Pants/Dress,Women/Bottoms/Jeans/Skinny,"Kids/Socks, Underwear and Leggings/Leggings",Baby/Baby/Leggings/Full Length,Kids/Bottoms/Sweatpants,Women/Accessories and Shoes/Gloves,Baby/Baby/Leggings/Full Length,Baby/Toddler/Pants and Leggings/Full,Women/Bottoms/Pants/Skinny,Women/Bottoms/Pants/Joggers and Sweatpants,Women/Bottoms/Pants/Joggers and Sweatpants,Women/Bottoms/Pants/Lounge,Men/Underwear and Socks/Underwear/Boxers
Men/Bottoms/Pants/Joggers and Sweatpants,Men/Bottoms/Pants/Joggers and Sweatpants,Men/Bottoms/Pants/Joggers and Sweatpants,"Women/Innerwear and Base Layers/Socks, Leggings, and Tights/Leggings",Kids/Innerwear and Base Layers/Leggings and Tights/Leggings,"Kids/Socks, Underwear and Leggings/Leggings",Men/Bottoms/Pants/Dress,Women/Bottoms/Jeans/Skinny,Men/Bottoms/Pants/Regular and Relaxed,"Kids/Socks, Underwear and Leggings/Leggings",Baby/Baby/Leggings/Full Length,Women/Bottoms/Pants/Skinny,Baby/Baby/Leggings/Full Length,Kids/Bottoms/Sweatpants,Baby/Toddler/Pants and Leggings/Full,Women/Accessories and Shoes/Gloves,Women/Bottoms/Pants/Leggings,Kids/Innerwear and Base Layers/Leggings and Tights/Leggings,Men/Underwear and Socks/Socks and Tights/Mid-Calf,Kids/Innerwear and Base Layers/Undershirts/Long-Sleeve
Men/Bottoms/Pants/Joggers and Sweatpants,Men/Bottoms/Pants/Joggers and Sweatpants,Men/Bottoms/Pants/Joggers and Sweatpants,Kids/Innerwear and Base Layers/Leggings and Tights/Leggings,"Women/Innerwear and Base Layers/Socks, Leggings, and Tights/Leggings","Kids/Socks, Underwear and Leggings/Leggings",Men/Bottoms/Pants/Dress,Men/Bottoms/Pants/Regular and Relaxed,Women/Bottoms/Jeans/Skinny,"Kids/Socks, Underwear and Leggings/Leggings",Baby/Baby/Leggings/Full Length,Baby/Baby/Leggings/Full Length,Kids/Bottoms/Sweatpants,Women/Accessories and Shoes/Gloves,Women/Bottoms/Pants/Skinny,Baby/Toddler/Pants and Leggings/Full,Kids/Innerwear and Base Layers/Leggings and Tights/Leggings,Women/Bottoms/Pants/Leggings,Women/Bottoms/Pants/Joggers and Sweatpants,Women/Bottoms/Pants/Joggers and Sweatpants
Men/Bottoms/Pants/Joggers and Sweatpants,Men/Bottoms/Pants/Joggers and Sweatpants,Men/Bottoms/Pants/Joggers and Sweatpants,"Women/Innerwear and Base Layers/Socks, Leggings, and Tights/Leggings",Kids/Innerwear and Base Layers/Leggings and Tights/Leggings,"Kids/Socks, Underwear and Leggings/Leggings",Men/Bottoms/Pants/Dress,Women/Bottoms/Jeans/Skinny,"Kids/Socks, Underwear and Leggings/Leggings",Men/Bottoms/Pants/Regular and Relaxed,Baby/Baby/Leggings/Full Length,Women/Accessories and Shoes/Gloves,Women/Bottoms/Pants/Skinny,Men/Underwear and Socks/Socks and Tights/Mid-Calf,Baby/Baby/Leggings/Full Length,Kids/Bottoms/Sweatpants,Women/Bottoms/Pants/Leggings,Baby/Toddler/Pants and Leggings/Full,Men/Underwear and Socks/Socks and Tights/Mid-Calf,Kids/Innerwear and Base Layers/Leggings and Tights/Leggings
UT Graphic Tees/Manga Jujutsu Kaisen/Adults,UT Graphic Tees/Manga Jujutsu Kaisen/Adults,UT Graphic Tees/Manga Jujutsu Kaisen/Adults,UT Graphic Tees/Manga Jujutsu Kaisen/Kids,UT Graphic Tees/Peanuts/Women,UT Graphic Tees/Peanuts Vintage/Adults,UT Graphic Tees/Peanuts/Women,UT Graphic Tees/Peanuts/Women,UT Graphic Tees/Peanuts/Women,UT Graphic Tees/Peanuts/Women,UT Graphic Tees/Peanuts Vintage/Adults,UT Graphic Tees/Peanuts Vintage/Adults,UT Graphic Tees/Peanuts/Baby,UT Graphic Tees/Peanuts/Kids,UT Graphic Tees/Peanuts Vintage/Adults,UT Graphic Tees/Peanuts/Women,UT Graphic Tees/Peanuts/Baby,UT Graphic Tees/Peanuts/Baby,UT Graphic Tees/Peanuts/Baby,UT Graphic Tees/Anime Jujutsu Kaisen/Kids
"Women/Innerwear and Base Layers/Socks, Leggings, and Tights/Mid-Calf Socks","Kids/Socks, Underwear and Leggings/Socks/No Show","Women/Innerwear and Base Layers/Socks, Leggings, and Tights/Mid-Calf Socks","Kids/Socks, Underwear and Leggings/Socks","Kids/Socks, Underwear and Leggings/Socks/No Show","Kids/Socks, Underwear and Leggings/Socks",Men/Underwear and Socks/Socks and Tights/Sneaker,"Kids/Socks, Underwear and Leggings/Socks/Regular","Kids/Socks, Underwear and Leggings/Socks/No Show","Kids/Socks, Underwear and Leggings/Socks/Sneaker","Kids/Socks, Underwear and Leggings/Socks/Regular","Kids/Socks, Underwear and Leggings/Socks/Regular","Women/Innerwear and Base Layers/Socks, Leggings, and Tights/Mid-Calf Socks","Women/Innerwear and Base Layers/Socks, Leggings, and Tights/Ankle Socks","Women/Innerwear and Base Layers/Socks, Leggings, and Tights/Ankle Socks",Baby/Toddler/Socks,Baby/Toddler/Socks,Baby/Toddler/Socks,Baby/Toddler/Socks,"Women/Innerwear and Base Layers/Socks, Leggings, and Tights/Mid-Calf Socks"
Men/Bottoms/Pants/Joggers and Sweatpants,Men/Bottoms/Pants/Joggers and Sweatpants,Men/Bottoms/Pants/Joggers and Sweatpants,"Women/Innerwear and Base Layers/Socks, Leggings, and Tights/Leggings",Kids/Innerwear and Base Layers/Leggings and Tights/Leggings,Men/Underwear and Socks/Socks and Tights/Mid-Calf,"Kids/Socks, Underwear and Leggings/Socks/Regular",Women/Bottoms/Jeans/Skinny,Men/Bottoms/Pants/Dress,"Kids/Socks, Underwear and Leggings/Leggings",Men/Underwear and Socks/Socks and Tights/Mid-Calf,"Kids/Socks, Underwear and Leggings/Leggings",Men/Underwear and Socks/Socks and Tights/Sneaker,"Women/Innerwear and Base Layers/Socks, Leggings, and Tights/Ankle Socks",Women/Bottoms/Pants/Leggings,"Women/Innerwear and Base Layers/Socks, Leggings, and Tights/Mid-Calf Socks",Kids/Innerwear and Base Layers/Undershirts/Long-Sleeve,Men/Underwear and Socks/Socks and Tights/Quarter,Men/Underwear and Socks/Socks and Tights/Mid-Calf,Women/Bottoms/Pants/Skinny
Men/Bottoms/Pants/Joggers and Sweatpants,Men/Bottoms/Pants/Joggers and Sweatpants,Men/Bottoms/Pants/Joggers and Sweatpants,Kids/Innerwear and Base Layers/Leggings and Tights/Leggings,"Kids/Socks, Underwear and Leggings/Leggings","Women/Innerwear and Base Layers/Socks, Leggings, and Tights/Leggings",Men/Bottoms/Pants/Dress,Men/Bottoms/Pants/Regular and Relaxed,Women/Bottoms/Jeans/Skinny,"Kids/Socks, Underwear and Leggings/Leggings",Women/Accessories and Shoes/Gloves,Baby/Baby/Leggings/Full Length,Kids/Bottoms/Sweatpants,Baby/Toddler/Pants and Leggings/Full,Baby/Baby/Leggings/Full Length,Women/Bottoms/Pants/Skinny,Women/Bottoms/Pants/Joggers and Sweatpants,Women/Bottoms/Pants/Joggers and Sweatpants,Women/Bottoms/Pants/Lounge,Men/Underwear and Socks/Underwear/Boxers
Men/Bottoms/Pants/Joggers and Sweatpants,Men/Bottoms/Pants/Joggers and Sweatpants,Men/Underwear and Socks/Socks and Tights/Mid-Calf,"Women/Innerwear and Base Layers/Socks, Leggings, and Tights/Ankle Socks",Men/Underwear and Socks/Socks and Tights/Mid-Calf,"Kids/Socks, Underwear and Leggings/Socks/Regular","Women/Innerwear and Base Layers/Socks, Leggings, and Tights/Mid-Calf Socks",Men/Underwear and Socks/Socks and Tights/Quarter,Men/Underwear and Socks/Socks and Tights/Quarter,"Women/Innerwear and Base Layers/Socks, Leggings, and Tights/Mid-Calf Socks","Women/Innerwear and Base Layers/Socks, Leggings, and Tights/Mid-Calf Socks",Men/Underwear and Socks/Socks and Tights/Sneaker,"Women/Innerwear and Base Layers/Socks, Leggings, and Tights/Mid-Calf Socks","Kids/Socks, Underwear and Leggings/Socks/Regular",Men/Bottoms/Pants/Joggers and Sweatpants,Men/Underwear and Socks/Socks and Tights/Mid-Calf,"Women/Innerwear and Base Layers/Socks, Leggings, and Tights/Mid-Calf Socks","Kids/Socks, Underwear and Leggings/Socks/Regular",Men/Underwear and Socks/Socks and Tights/Quarter,"Women/Innerwear and Base Layers/Socks, Leggings, and Tights/Mid-Calf Socks"
Men/Bottoms/Pants/Joggers and Sweatpants,Men/Bottoms/Pants/Joggers and Sweatpants,Men/Bottoms/Pants/Joggers and Sweatpants,"Women/Innerwear and Base Layers/Socks, Leggings, and Tights/Leggings",Kids/Innerwear and Base Layers/Leggings and Tights/Leggings,Women/Bottoms/Jeans/Skinny,Men/Bottoms/Pants/Dress,"Kids/Socks, Underwear and Leggings/Leggings",Men/Underwear and Socks/Socks and Tights/Mid-Calf,"Kids/Socks, Underwear and Leggings/Socks/Regular","Kids/Socks, Underwear and Leggings/Leggings",Men/Bottoms/Pants/Regular and Relaxed,Men/Underwear and Socks/Socks and Tights/Mid-Calf,Women/Bottoms/Pants/Skinny,Men/Underwear and Socks/Socks and Tights/Sneaker,Women/Bottoms/Pants/Leggings,Baby/Baby/Leggings/Full Length,Kids/Bottoms/Sweatpants,"Women/Innerwear and Base Layers/Socks, Leggings, and Tights/Mid-Calf Socks",Kids/Innerwear and Base Layers/Undershirts/Long-Sleeve
"Kids/Socks, Underwear and Leggings/Socks/No Show","Women/Innerwear and Base Layers/Socks, Leggings, and Tights/Mid-Calf Socks",Men/Collaborations/Uniqlo U/Accessories,"Kids/Socks, Underwear and Leggings/Socks/Regular","Women/Innerwear and Base Layers/Socks, Leggings, and Tights/Mid-Calf Socks","Kids/Socks, Underwear and Leggings/Socks/No Show",Men/Collaborations/Uniqlo U/Bottoms,"Kids/Socks, Underwear and Leggings/Socks","Kids/Socks, Underwear and Leggings/Socks/Regular",Men/Collaborations/Uniqlo U/Bottoms,Kids/Collaborations/Uniqlo U/Outerwear,"Kids/Socks, Underwear and Leggings/Socks",Men/Accessories and Shoes/Shoes,Women/Collaborations/Mame Kurogouchi/Innerwear,Men/Tops/Casual Shirts/Extra Fine Cotton,Men/Tops/T-Shirts/Oversized,"Women/Innerwear and Base Layers/Socks, Leggings, and Tights/Ankle Socks",Women/Collaborations/Uniqlo U/Bottoms,Kids/Collaborations/Uniqlo U/Shirts,"Kids/Socks, Underwear and Leggings/Socks/No Show"
Men/Bottoms/Pants/Joggers and Sweatpants,Men/Bottoms/Pants/Joggers and Sweatpants,Men/Bottoms/Pants/Joggers and Sweatpants,Kids/Innerwear and Base Layers/Leggings and Tights/Leggings,"Women/Innerwear and Base Layers/Socks, Leggings, and Tights/Leggings","Kids/Socks, Underwear and Leggings/Leggings",Men/Bottoms/Pants/Dress,Women/Bottoms/Jeans/Skinny,Men/Bottoms/Pants/Regular and Relaxed,"Kids/Socks, Underwear and Leggings/Leggings",Women/Accessories and Shoes/Gloves,Baby/Baby/Leggings/Full Length,Kids/Bottoms/Sweatpants,Baby/Toddler/Pants and Leggings/Full,Baby/Baby/Leggings/Full Length,Women/Bottoms/Pants/Skinny,Kids/Innerwear and Base Layers/Undershirts/Long-Sleeve,Women/Bottoms/Pants/Leggings,Men/Bottoms/Pants/Dress,"Women/Innerwear and Base Layers/Socks, Leggings, and Tights/Leggings"
"Women/Innerwear and Base Layers/Socks, Leggings, and Tights/Mid-Calf Socks","Kids/Socks, Underwear and Leggings/Socks","Kids/Socks, Underwear and Leggings/Socks","Kids/Socks, Underwear and Leggings/Socks/Regular","Kids/Socks, Underwear and Leggings/Socks/No Show","Women/Innerwear and Base Layers/Socks, Leggings, and Tights/Mid-Calf Socks","Kids/Socks, Underwear and Leggings/Socks/No Show",Men/Underwear and Socks/Socks and Tights/Sneaker,"Kids/Socks, Underwear and Leggings/Socks/Sneaker","Women/Innerwear and Base Layers/Socks, Leggings, and Tights/Mid-Calf Socks","Kids/Socks, Underwear and Leggings/Socks/Regular","Women/Innerwear and Base Layers/Socks, Leggings, and Tights/Mid-Calf Socks","Women/Innerwear and Base Layers/Socks, Leggings, and Tights/Ankle Socks","Women/Innerwear and Base Layers/Socks, Leggings, and Tights/Ankle Socks",Men/Underwear and Socks/Socks and Tights/Colorful 50,"Kids/Socks, Underwear and Leggings/Socks",Baby/Toddler/Socks,Baby/Toddler/Socks,Baby/Toddler/Socks,Baby/Toddler/Socks
Men/Bottoms/Pants/Joggers and Sweatpants,Men/Bottoms/Pants/Joggers and Sweatpants,Men/Bottoms/Pants/Joggers and Sweatpants,"Women/Innerwear and Base Layers/Socks, Leggings, and Tights/Leggings","Kids/Socks, Underwear and Leggings/Socks/Regular",Men/Underwear and Socks/Socks and Tights/Mid-Calf,Kids/Innerwear and Base Layers/Leggings and Tights/Leggings,Men/Underwear and Socks/Socks and Tights/Mid-Calf,Men/Underwear and Socks/Socks and Tights/Mid-Calf,Women/Bottoms/Jeans/Skinny,Men/Underwear and Socks/Socks and Tights/Sneaker,"Women/Innerwear and Base Layers/Socks, Leggings, and Tights/Mid-Calf Socks","Kids/Socks, Underwear and Leggings/Leggings","Women/Innerwear and Base Layers/Socks, Leggings, and Tights/Mid-Calf Socks",Men/Bottoms/Pants/Dress,"Women/Innerwear and Base Layers/Socks, Leggings, and Tights/Mid-Calf Socks","Women/Innerwear and Base Layers/Socks, Leggings, and Tights/Ankle Socks",Men/Underwear and Socks/Socks and Tights/Quarter,Men/Underwear and Socks/Socks and Tights/Quarter,Men/Bottoms/Pants/Regular and Relaxed
Men/Bottoms/Pants/Joggers and Sweatpants,Men/Bottoms/Pants/Joggers and Sweatpants,Men/Bottoms/Pants/Joggers and Sweatpants,Kids/Innerwear and Base Layers/Leggings and Tights/Leggings,"Kids/Socks, Underwear and Leggings/Leggings","Women/Innerwear and Base Layers/Socks, Leggings, and Tights/Leggings",Men/Bottoms/Pants/Regular and Relaxed,Men/Bottoms/Pants/Dress,Women/Bottoms/Jeans/Skinny,"Kids/Socks, Underwear and Leggings/Leggings",Baby/Baby/Leggings/Full Length,Baby/Baby/Leggings/Full Length,Kids/Bottoms/Sweatpants,Baby/Toddler/Pants and Leggings/Full,Women/Accessories and Shoes/Gloves,Women/Bottoms/Pants/Skinny,Women/Bottoms/Pants/Joggers and Sweatpants,Women/Bottoms/Pants/Joggers and Sweatpants,Women/Bottoms/Pants/Lounge,Kids/Innerwear and Base Layers/Leggings and Tights/Leggings
Men/Bottoms/Pants/Joggers and Sweatpants,Men/Bottoms/Pants/Joggers and Sweatpants,Men/Bottoms/Pants/Joggers and Sweatpants,Kids/Innerwear and Base Layers/Leggings and Tights/Leggings,"Kids/Socks, Underwear and Leggings/Leggings","Women/Innerwear and Base Layers/Socks, Leggings, and Tights/Leggings",Men/Bottoms/Pants/Regular and Relaxed,Men/Bottoms/Pants/Dress,Women/Bottoms/Jeans/Skinny,"Kids/Socks, Underwear and Leggings/Leggings",Baby/Baby/Leggings/Full Length,Baby/Baby/Leggings/Full Length,Baby/Toddler/Pants and Leggings/Full,Kids/Bottoms/Sweatpants,Women/Accessories and Shoes/Gloves,Women/Bottoms/Pants/Skinny,Men/Underwear and Socks/Socks and Tights/Mid-Calf,Women/Bottoms/Pants/Leggings,Kids/Innerwear and Base Layers/Leggings and Tights/Leggings,Women/Bottoms/Pants/Joggers and Sweatpants
Men/Bottoms/Pants/Joggers and Sweatpants,Men/Bottoms/Pants/Joggers and Sweatpants,Men/Bottoms/Pants/Joggers and Sweatpants,Kids/Innerwear and Base Layers/Leggings and Tights/Leggings,"Women/Innerwear and Base Layers/Socks, Leggings, and Tights/Leggings","Kids/Socks, Underwear and Leggings/Leggings","Kids/Socks, Underwear and Leggings/Socks/Regular",Men/Underwear and Socks/Socks and Tights/Mid-Calf,Men/Underwear and Socks/Socks and Tights/Mid-Calf,"Women/Innerwear and Base Layers/Socks, Leggings, and Tights/Mid-Calf Socks",Men/Bottoms/Pants/Dress,Men/Underwear and Socks/Socks and Tights/Quarter,"Women/Innerwear and Base Layers/Socks, Leggings, and Tights/Mid-Calf Socks",Men/Bottoms/Pants/Regular and Relaxed,"Women/Innerwear and Base Layers/Socks, Leggings, and Tights/Ankle Socks",Men/Underwear and Socks/Socks and Tights/Sneaker,Women/Bottoms/Jeans/Skinny,"Women/Innerwear and Base Layers/Socks, Leggings, and Tights/Mid-Calf Socks","Women/Innerwear and Base Layers/Socks, Leggings, and Tights/Mid-Calf Socks",Men/Underwear and Socks/Socks and Tights/Quarter
Men/Bottoms/Pants/Joggers and Sweatpants,Men/Bottoms/Pants/Joggers and Sweatpants,Men/Bottoms/Pants/Joggers and Sweatpants,Kids/Innerwear and Base Layers/Leggings and Tights/Leggings,"Kids/Socks, Underwear and Leggings/Leggings","Women/Innerwear and Base Layers/Socks, Leggings, and Tights/Leggings",Men/Bottoms/Pants/Regular and Relaxed,Men/Bottoms/Pants/Dress,Women/Bottoms/Jeans/Skinny,"Kids/Socks, Underwear and Leggings/Leggings",Baby/Baby/Leggings/Full Length,Baby/Baby/Leggings/Full Length,Kids/Bottoms/Sweatpants,Baby/Toddler/Pants and Leggings/Full,Women/Accessories and Shoes/Gloves,Women/Bottoms/Pants/Skinny,Women/Bottoms/Pants/Lounge,Women/Bottoms/Pants/Joggers and Sweatpants,Women/Bottoms/Pants/Joggers and Sweatpants,Kids/Innerwear and Base Layers/Leggings and Tights/Leggings
Men/Bottoms/Pants/Joggers and Sweatpants,Men/Bottoms/Pants/Joggers and Sweatpants,Men/Bottoms/Pants/Joggers and Sweatpants,Kids/Innerwear and Base Layers/Leggings and Tights/Leggings,"Kids/Socks, Underwear and Leggings/Leggings","Women/Innerwear and Base Layers/Socks, Leggings, and Tights/Leggings",Men/Bottoms/Pants/Dress,Men/Bottoms/Pants/Regular and Relaxed,Women/Bottoms/Jeans/Skinny,"Kids/Socks, Underwear and Leggings/Leggings",Baby/Baby/Leggings/Full Length,Kids/Bottoms/Sweatpants,Baby/Baby/Leggings/Full Length,Women/Accessories and Shoes/Gloves,Baby/Toddler/Pants and Leggings/Full,Women/Bottoms/Pants/Skinny,Women/Bottoms/Pants/Lounge,Women/Bottoms/Pants/Joggers and Sweatpants,Women/Bottoms/Pants/Joggers and Sweatpants,Kids/Innerwear and Base Layers/Leggings and Tights/Leggings
Men/Bottoms/Pants/Joggers and Sweatpants,Men/Bottoms/Pants/Joggers and Sweatpants,Men/Bottoms/Pants/Joggers and Sweatpants,Kids/Innerwear and Base Layers/Leggings and Tights/Leggings,"Women/Innerwear and Base Layers/Socks, Leggings, and Tights/Leggings",Men/Bottoms/Pants/Dress,"Kids/Socks, Underwear and Leggings/Leggings","Kids/Socks, Underwear and Leggings/Leggings",Women/Bottoms/Jeans/Skinny,Women/Accessories and Shoes/Gloves,Kids/Innerwear and Base Layers/Undershirts/Long-Sleeve,"Women/Innerwear and Base Layers/Socks, Leggings, and Tights/Leggings",Men/Bottoms/Pants/Regular and Relaxed,Women/Bottoms/Pants/Leggings,Kids/Bottoms/Sweatpants,Men/Bottoms/Pants/Dress,Women/Innerwear and Base Layers/Undershirts/HEATTECH,Baby/Baby/Leggings/Full Length,Baby/Toddler/Pants and Leggings/Full,Women/Bottoms/Pants/Skinny
"Women/Innerwear and Base Layers/Socks, Leggings, and Tights/Mid-Calf Socks","Women/Innerwear and Base Layers/Socks, Leggings, and Tights/Mid-Calf Socks","Kids/Socks, Underwear and Leggings/Socks/Regular","Kids/Socks, Underwear and Leggings/Socks",Men/Underwear and Socks/Socks and Tights/Sneaker,"Kids/Socks, Underwear and Leggings/Socks","Kids/Socks, Underwear and Leggings/Socks/Regular","Kids/Socks, Underwear and Leggings/Socks/Sneaker","Women/Innerwear and Base Layers/Socks, Leggings, and Tights/Mid-Calf Socks","Kids/Socks, Underwear and Leggings/Socks/No Show",Men/Underwear and Socks/Socks and Tights/Colorful 50,"Women/Innerwear and Base Layers/Socks, Leggings, and Tights/Mid-Calf Socks","Kids/Socks, Underwear and Leggings/Socks","Kids/Socks, Underwear and Leggings/Socks/No Show","Kids/Socks, Underwear and Leggings/Socks/Regular","Kids/Socks, Underwear and Leggings/Socks/No Show","Kids/Socks, Underwear and Leggings/Socks","Kids/Socks, Underwear and Leggings/Socks/Regular","Kids/Socks, Underwear and Leggings/Socks","Women/Innerwear and Base Layers/Socks, Leggings, and Tights/Ankle Socks"
Men/Bottoms/Pants/Joggers and Sweatpants,Men/Bottoms/Pants/Joggers and Sweatpants,Men/Bottoms/Pants/Joggers and Sweatpants,Men/Underwear and Socks/Socks and Tights/Mid-Calf,"Kids/Socks, Underwear and Leggings/Socks/Regular","Women/Innerwear and Base Layers/Socks, Leggings, and Tights/Leggings",Men/Underwear and Socks/Socks and Tights/Mid-Calf,"Women/Innerwear and Base Layers/Socks, Leggings, and Tights/Mid-Calf Socks",Men/Underwear and Socks/Socks and Tights/Quarter,Men/Underwear and Socks/Socks and Tights/Sneaker,"Women/Innerwear and Base Layers/Socks, Leggings, and Tights/Ankle Socks",Men/Underwear and Socks/Socks and Tights/Mid-Calf,"Kids/Socks, Underwear and Leggings/Socks/Regular",Kids/Innerwear and Base Layers/Leggings and Tights/Leggings,Men/Underwear and Socks/Socks and Tights/Quarter,"Women/Innerwear and Base Layers/Socks, Leggings, and Tights/Mid-Calf Socks","Women/Innerwear and Base Layers/Socks, Leggings, and Tights/Mid-Calf Socks","Women/Innerwear and Base Layers/Socks, Leggings, and Tights/Mid-Calf Socks","Kids/Socks, Underwear and Leggings/Socks/Regular","Kids/Socks, Underwear and Leggings/Socks/Regular"
"Kids/Socks, Underwear and Leggings/Socks/Regular","Kids/Socks, Underwear and Leggings/Socks/Regular",Men/Underwear and Socks/Socks and Tights/Quarter,"Kids/Socks, Underwear and Leggings/Socks/Regular","Women/Innerwear and Base Layers/Socks, Leggings, and Tights/Mid-Calf Socks","Women/Innerwear and Base Layers/Socks, Leggings, and Tights/Mid-Calf Socks","Women/Innerwear and Base Layers/Socks, Leggings, and Tights/Mid-Calf Socks",Men/Underwear and Socks/Socks and Tights/Quarter,"Women/Innerwear and Base Layers/Socks, Leggings, and Tights/Mid-Calf Socks",Men/Underwear and Socks/Socks and Tights/Mid-Calf,"Kids/Socks, Underwear and Leggings/Socks",Men/Underwear and Socks/Socks and Tights/Colorful 50,"Women/Innerwear and Base Layers/Socks, Leggings, and Tights/Ankle Socks",Men/Underwear and Socks/Socks and Tights/Quarter,"Women/Innerwear and Base Layers/Socks, Leggings, and Tights/Mid-Calf Socks","Kids/Socks, Underwear and Leggings/Socks/Regular","Kids/Socks, Underwear and Leggings/Socks/Regular",Men/Underwear and Socks/Socks and Tights/Colorful 50,"Women/Innerwear and Base Layers/Socks, Leggings, and Tights/Mid-Calf Socks",Men/Underwear and Socks/Socks and Tights/Mid-Calf
Men/Bottoms/Pants/Joggers and Sweatpants,Men/Bottoms/Pants/Joggers and Sweatpants,Men/Bottoms/Pants/Joggers and Sweatpants,Kids/Innerwear and Base Layers/Leggings and Tights/Leggings,"Kids/Socks, Underwear and Leggings/Leggings","Women/Innerwear and Base Layers/Socks, Leggings, and Tights/Leggings",Men/Bottoms/Pants/Regular and Relaxed,Men/Bottoms/Pants/Dress,Women/Bottoms/Jeans/Skinny,"Kids/Socks, Underwear and Leggings/Leggings",Baby/Baby/Leggings/Full Length,Kids/Bottoms/Sweatpants,Baby/Baby/Leggings/Full Length,Baby/Toddler/Pants and Leggings/Full,Women/Bottoms/Pants/Skinny,Women/Accessories and Shoes/Gloves,Women/Bottoms/Pants/Lounge,Women/Bottoms/Pants/Joggers and Sweatpants,Women/Bottoms/Pants/Joggers and Sweatpants,Kids/Innerwear and Base Layers/Leggings and Tights/Leggings
Men/Bottoms/Pants/Joggers and Sweatpants,Men/Bottoms/Pants/Joggers and Sweatpants,Men/Bottoms/Pants/Joggers and Sweatpants,Kids/Innerwear and Base Layers/Leggings and Tights/Leggings,"Women/Innerwear and Base Layers/Socks, Leggings, and Tights/Leggings","Kids/Socks, Underwear and Leggings/Leggings",Men/Bottoms/Pants/Regular and Relaxed,Men/Bottoms/Pants/Dress,Women/Bottoms/Jeans/Skinny,"Kids/Socks, Underwear and Leggings/Leggings",Baby/Baby/Leggings/Full Length,Women/Bottoms/Pants/Skinny,Baby/Baby/Leggings/Full Length,Kids/Bottoms/Sweatpants,Baby/Toddler/Pants and Leggings/Full,Women/Accessories and Shoes/Gloves,Kids/Innerwear and Base Layers/Leggings and Tights/Leggings,Women/Bottoms/Pants/Lounge,Women/Bottoms/Pants/Joggers and Sweatpants,Women/Bottoms/Pants/Joggers and Sweatpants
Men/Bottoms/Pants/Joggers and Sweatpants,Men/Bottoms/Pants/Joggers and Sweatpants,Men/Bottoms/Pants/Joggers and Sweatpants,"Women/Innerwear and Base Layers/Socks, Leggings, and Tights/Leggings",Kids/Innerwear and Base Layers/Leggings and Tights/Leggings,Men/Underwear and Socks/Socks and Tights/Mid-Calf,"Kids/Socks, Underwear and Leggings/Socks/Regular",Men/Bottoms/Pants/Dress,Men/Underwear and Socks/Socks and Tights/Mid-Calf,"Women/Innerwear and Base Layers/Socks, Leggings, and Tights/Mid-Calf Socks","Kids/Socks, Underwear and Leggings/Leggings",Women/Bottoms/Jeans/Skinny,"Women/Innerwear and Base Layers/Socks, Leggings, and Tights/Ankle Socks","Women/Innerwear and Base Layers/Socks, Leggings, and Tights/Mid-Calf Socks",Men/Underwear and Socks/Socks and Tights/Quarter,Men/Underwear and Socks/Socks and Tights/Mid-Calf,Men/Underwear and Socks/Socks and Tights/Sneaker,"Women/Innerwear and Base Layers/Socks, Leggings, and Tights/Mid-Calf Socks","Kids/Socks, Underwear and Leggings/Leggings",Men/Underwear and Socks/Socks and Tights/Quarter
Men/Bottoms/Pants/Joggers and Sweatpants,Men/Bottoms/Pants/Joggers and Sweatpants,Men/Bottoms/Pants/Joggers and Sweatpants,Kids/Innerwear and Base Layers/Leggings and Tights/Leggings,"Kids/Socks, Underwear and Leggings/Leggings",Men/Bottoms/Pants/Regular and Relaxed,"Women/Innerwear and Base Layers/Socks, Leggings, and Tights/Leggings",Men/Bottoms/Pants/Dress,Women/Bottoms/Jeans/Skinny,"Kids/Socks, Underwear and Leggings/Leggings",Baby/Baby/Leggings/Full Length,Baby/Baby/Leggings/Full Length,Kids/Bottoms/Sweatpants,Baby/Toddler/Pants and Leggings/Full,Women/Accessories and Shoes/Gloves,Women/Bottoms/Pants/Skinny,Women/Bottoms/Pants/Lounge,Women/Bottoms/Pants/Joggers and Sweatpants,Women/Bottoms/Pants/Joggers and Sweatpants,Men/Underwear and Socks/Underwear/Boxers
Men/Bottoms/Pants/Joggers and Sweatpants,Men/Bottoms/Pants/Joggers and Sweatpants,Men/Bottoms/Pants/Joggers and Sweatpants,Kids/Innerwear and Base Layers/Leggings and Tights/Leggings,"Kids/Socks, Underwear and Leggings/Leggings","Women/Innerwear and Base Layers/Socks, Leggings, and Tights/Leggings",Men/Bottoms/Pants/Dress,Men/Bottoms/Pants/Regular and Relaxed,Women/Bottoms/Jeans/Skinny,"Kids/Socks, Underwear and Leggings/Leggings",Baby/Baby/Leggings/Full Length,Women/Accessories and Shoes/Gloves,Baby/Baby/Leggings/Full Length,Baby/Toddler/Pants and Leggings/Full,Kids/Bottoms/Sweatpants,Women/Bottoms/Pants/Skinny,Kids/Innerwear and Base Layers/Leggings and Tights/Leggings,Women/Bottoms/Pants/Joggers and Sweatpants,Women/Bottoms/Pants/Joggers and Sweatpants,Women/Bottoms/Pants/Leggings
Men/Bottoms/Pants/Joggers and Sweatpants,Men/Bottoms/Pants/Joggers and Sweatpants,Men/Bottoms/Pants/Joggers and Sweatpants,Kids/Innerwear and Base Layers/Leggings and Tights/Leggings,"Kids/Socks, Underwear and Leggings/Leggings",Men/Bottoms/Pants/Regular and Relaxed,"Women/Innerwear and Base Layers/Socks, Leggings, and Tights/Leggings",Men/Bottoms/Pants/Dress,Women/Bottoms/Jeans/Skinny,Baby/Baby/Leggings/Full Length,"Kids/Socks, Underwear and Leggings/Leggings",Kids/Bottoms/Sweatpants,Baby/Baby/Leggings/Full Length,Baby/Toddler/Pants and Leggings/Full,Women/Accessories and Shoes/Gloves,Women/Bottoms/Pants/Skinny,Women/Bottoms/Pants/Lounge,Women/Bottoms/Pants/Joggers and Sweatpants,Women/Bottoms/Pants/Joggers and Sweatpants,Men/Underwear and Socks/Underwear/Boxers
Men/Bottoms/Pants/Joggers and Sweatpants,Men/Bottoms/Pants/Joggers and Sweatpants,"Kids/Socks, Underwear and Leggings/Socks/Regular",Men/Bottoms/Pants/Joggers and Sweatpants,Men/Underwear and Socks/Socks and Tights/Mid-Calf,"Women/Innerwear and Base Layers/Socks, Leggings, and Tights/Leggings",Men/Underwear and Socks/Socks and Tights/Mid-Calf,"Women/Innerwear and Base Layers/Socks, Leggings, and Tights/Mid-Calf Socks",Men/Underwear and Socks/Socks and Tights/Sneaker,"Women/Innerwear and Base Layers/Socks, Leggings, and Tights/Mid-Calf Socks","Women/Innerwear and Base Layers/Socks, Leggings, and Tights/Mid-Calf Socks",Men/Underwear and Socks/Socks and Tights/Quarter,Men/Underwear and Socks/Socks and Tights/Mid-Calf,"Kids/Socks, Underwear and Leggings/Socks/Regular","Women/Innerwear and Base Layers/Socks, Leggings, and Tights/Ankle Socks","Women/Innerwear and Base Layers/Socks, Leggings, and Tights/Mid-Calf Socks","Women/Innerwear and Base Layers/Socks, Leggings, and Tights/Mid-Calf Socks",Men/Underwear and Socks/Socks and Tights/Quarter,"Kids/Socks, Underwear and Leggings/Socks/Regular",Women/Bottoms/Jeans/Skinny
"Women/Innerwear and Base Layers/Socks, Leggings, and Tights/Mid-Calf Socks","Women/Innerwear and Base Layers/Socks, Leggings, and Tights/Mid-Calf Socks",Men/Underwear and Socks/Socks and Tights/Sneaker,"Kids/Socks, Underwear and Leggings/Socks/No Show","Kids/Socks, Underwear and Leggings/Socks","Kids/Socks, Underwear and Leggings/Socks","Kids/Socks, Underwear and Leggings/Socks/Regular","Kids/Socks, Underwear and Leggings/Socks/Sneaker","Kids/Socks, Underwear and Leggings/Socks/No Show","Women/Innerwear and Base Layers/Socks, Leggings, and Tights/Mid-Calf Socks","Kids/Socks, Underwear and Leggings/Socks/No Show","Women/Innerwear and Base Layers/Socks, Leggings, and Tights/Mid-Calf Socks","Kids/Socks, Underwear and Leggings/Socks/Regular","Women/Innerwear and Base Layers/Socks, Leggings, and Tights/Ankle Socks",Men/Underwear and Socks/Socks and Tights/Colorful 50,"Kids/Socks, Underwear and Leggings/Socks","Women/Innerwear and Base Layers/Socks, Leggings, and Tights/Ankle Socks","Kids/Socks, Underwear and Leggings/Socks","Kids/Socks, Underwear and Leggings/Socks/Regular",Baby/Toddler/Socks
UT Graphic Tees/The Brands Volkswagen/Adults,UT Graphic Tees/The Brands Volkswagen/Adults,UT Graphic Tees/The Brands Volkswagen/Adults,UT Graphic Tees/The Brands Volkswagen/Adults,UT Graphic Tees/The Brands Volkswagen/Adults,UT Graphic Tees/Peanuts Vintage/Adults,UT Graphic Tees/Peanuts Vintage/Adults,UT Graphic Tees/Peanuts Vintage/Adults,UT Graphic Tees/Peanuts Vintage/Adults,UT Graphic Tees/Peanuts/Baby,UT Graphic Tees/Peanuts/Baby,UT Graphic Tees/Peanuts/Baby,UT Graphic Tees/Peanuts/Women,UT Graphic Tees/Peanuts/Women,UT Graphic Tees/Peanuts/Women,UT Graphic Tees/Peanuts/Women,UT Graphic Tees/Peanuts/Women,UT Graphic Tees/Peanuts/Kids,UT Graphic Tees/Peanuts/Baby,UT Graphic Tees/Peanuts/Women
"Women/Innerwear and Base Layers/Socks, Leggings, and Tights/Mid-Calf Socks","Kids/Socks, Underwear and Leggings/Socks/No Show","Women/Innerwear and Base Layers/Socks, Leggings, and Tights/Mid-Calf Socks","Kids/Socks, Underwear and Leggings/Socks","Kids/Socks, Underwear and Leggings/Socks","Kids/Socks, Underwear and Leggings/Socks/No Show","Kids/Socks, Underwear and Leggings/Socks/Regular","Kids/Socks, Underwear and Leggings/Socks/No Show","Kids/Socks, Underwear and Leggings/Socks/Regular","Women/Innerwear and Base Layers/Socks, Leggings, and Tights/Ankle Socks","Women/Innerwear and Base Layers/Socks, Leggings, and Tights/Mid-Calf Socks","Women/Innerwear and Base Layers/Socks, Leggings, and Tights/Ankle Socks",Baby/Toddler/Socks,Baby/Toddler/Socks,Baby/Toddler/Socks,Baby/Toddler/Socks,"Kids/Socks, Underwear and Leggings/Socks/Sneaker","Kids/Socks, Underwear and Leggings/Socks/Regular","Kids/Socks, Underwear and Leggings/Socks",Men/Accessories and Shoes/Home
Men/Accessories and Shoes/Hats and Beanies,Kids/Dresses and Skirts/Dresses,Kids/Dresses and Skirts/Dresses,Men/Tops/T-Shirts/Active,Men/Accessories and Shoes/Hats and Beanies,Kids/Bottoms/Leggings,Men/Accessories and Shoes/Sunglasses,UT Graphic Tees/The Brands Volkswagen/Adults,UT Graphic Tees/The Brands Volkswagen/Adults,UT Graphic Tees/The Brands Volkswagen/Adults,UT Graphic Tees/The Brands Volkswagen/Adults,UT Graphic Tees/The Brands Volkswagen/Adults,Men/Accessories and Shoes/Bags,Men/Accessories and Shoes/Bags,Baby/Baby/One-Pieces/Long-Sleeve,Baby/Baby/One-Pieces/Long-Sleeve,Baby/Baby/One-Pieces/Long-Sleeve,Baby/Baby/One-Pieces/Long-Sleeve,Baby/Baby/One-Pieces/Long-Sleeve,Women/Loungewear/Pajamas
Men/Bottoms/Pants/Joggers and Sweatpants,Men/Bottoms/Pants/Joggers and Sweatpants,Men/Bottoms/Pants/Joggers and Sweatpants,Kids/Innerwear and Base Layers/Leggings and Tights/Leggings,"Kids/Socks, Underwear and Leggings/Leggings","Women/Innerwear and Base Layers/Socks, Leggings, and Tights/Leggings",Men/Bottoms/Pants/Regular and Relaxed,Men/Bottoms/Pants/Dress,Women/Bottoms/Jeans/Skinny,"Kids/Socks, Underwear and Leggings/Leggings",Baby/Baby/Leggings/Full Length,Baby/Baby/Leggings/Full Length,Kids/Bottoms/Sweatpants,Baby/Toddler/Pants and Leggings/Full,Women/Accessories and Shoes/Gloves,Women/Bottoms/Pants/Skinny,Women/Bottoms/Pants/Joggers and Sweatpants,Women/Bottoms/Pants/Joggers and Sweatpants,Women/Bottoms/Pants/Lounge,Kids/Innerwear and Base Layers/Leggings and Tights/Leggings
Men/Bottoms/Pants/Joggers and Sweatpants,Men/Bottoms/Pants/Joggers and Sweatpants,Men/Bottoms/Pants/Joggers and Sweatpants,Kids/Innerwear and Base Layers/Leggings and Tights/Leggings,"Kids/Socks, Underwear and Leggings/Leggings","Women/Innerwear and Base Layers/Socks, Leggings, and Tights/Leggings",Men/Bottoms/Pants/Regular and Relaxed,Men/Bottoms/Pants/Dress,Women/Bottoms/Jeans/Skinny,"Kids/Socks, Underwear and Leggings/Leggings",Baby/Baby/Leggings/Full Length,Baby/Baby/Leggings/Full Length,Kids/Bottoms/Sweatpants,Baby/Toddler/Pants and Leggings/Full,Women/Accessories and Shoes/Gloves,Women/Bottoms/Pants/Skinny,Women/Bottoms/Pants/Joggers and Sweatpants,Women/Bottoms/Pants/Joggers and Sweatpants,Women/Bottoms/Pants/Lounge,Kids/Innerwear and Base Layers/Leggings and Tights/Leggings
Men/Bottoms/Pants/Joggers and Sweatpants,Men/Bottoms/Pants/Joggers and Sweatpants,Men/Bottoms/Pants/Joggers and Sweatpants,"Women/Innerwear and Base Layers/Socks, Leggings, and Tights/Leggings",Kids/Innerwear and Base Layers/Leggings and Tights/Leggings,"Kids/Socks, Underwear and Leggings/Leggings",Men/Bottoms/Pants/Dress,Women/Bottoms/Jeans/Skinny,Men/Bottoms/Pants/Regular and Relaxed,"Kids/Socks, Underwear and Leggings/Leggings",Baby/Baby/Leggings/Full Length,Women/Bottoms/Pants/Skinny,Men/Underwear and Socks/Socks and Tights/Mid-Calf,Men/Underwear and Socks/Socks and Tights/Mid-Calf,Baby/Baby/Leggings/Full Length,"Kids/Socks, Underwear and Leggings/Socks/Regular",Baby/Toddler/Pants and Leggings/Full,Women/Bottoms/Pants/Leggings,Kids/Bottoms/Sweatpants,Kids/Innerwear and Base Layers/Leggings and Tights/Leggings
Men/Bottoms/Pants/Joggers and Sweatpants,Men/Bottoms/Pants/Joggers and Sweatpants,Men/Bottoms/Pants/Joggers and Sweatpants,"Women/Innerwear and Base Layers/Socks, Leggings, and Tights/Leggings",Kids/Innerwear and Base Layers/Leggings and Tights/Leggings,"Kids/Socks, Underwear and Leggings/Leggings",Women/Bottoms/Jeans/Skinny,Men/Bottoms/Pants/Dress,"Kids/Socks, Underwear and Leggings/Leggings",Men/Bottoms/Pants/Regular and Relaxed,Men/Underwear and Socks/Socks and Tights/Mid-Calf,Men/Underwear and Socks/Socks and Tights/Mid-Calf,"Kids/Socks, Underwear and Leggings/Socks/Regular",Women/Bottoms/Pants/Skinny,Baby/Baby/Leggings/Full Length,Baby/Baby/Leggings/Full Length,Women/Bottoms/Pants/Leggings,Kids/Innerwear and Base Layers/Leggings and Tights/Leggings,Baby/Toddler/Pants and Leggings/Full,Kids/Bottoms/Sweatpants
Men/Bottoms/Pants/Joggers and Sweatpants,Men/Bottoms/Pants/Joggers and Sweatpants,Men/Bottoms/Pants/Joggers and Sweatpants,Kids/Innerwear and Base Layers/Leggings and Tights/Leggings,"Kids/Socks, Underwear and Leggings/Leggings","Women/Innerwear and Base Layers/Socks, Leggings, and Tights/Leggings",Men/Bottoms/Pants/Dress,Men/Bottoms/Pants/Regular and Relaxed,Women/Bottoms/Jeans/Skinny,"Kids/Socks, Underwear and Leggings/Leggings",Baby/Baby/Leggings/Full Length,Baby/Baby/Leggings/Full Length,Baby/Toddler/Pants and Leggings/Full,Kids/Bottoms/Sweatpants,Women/Accessories and Shoes/Gloves,Women/Bottoms/Pants/Skinny,Kids/Innerwear and Base Layers/Leggings and Tights/Leggings,Women/Bottoms/Pants/Joggers and Sweatpants,Women/Bottoms/Pants/Joggers and Sweatpants,Women/Bottoms/Pants/Lounge
Men/Bottoms/Pants/Joggers and Sweatpants,Men/Bottoms/Pants/Joggers and Sweatpants,Men/Bottoms/Pants/Joggers and Sweatpants,"Women/Innerwear and Base Layers/Socks, Leggings, and Tights/Leggings",Kids/Innerwear and Base Layers/Leggings and Tights/Leggings,"Kids/Socks, Underwear and Leggings/Leggings",Women/Bottoms/Jeans/Skinny,Men/Bottoms/Pants/Dress,Men/Underwear and Socks/Socks and Tights/Mid-Calf,"Kids/Socks, Underwear and Leggings/Leggings",Men/Bottoms/Pants/Regular and Relaxed,"Kids/Socks, Underwear and Leggings/Socks/Regular",Men/Underwear and Socks/Socks and Tights/Mid-Calf,Women/Bottoms/Pants/Skinny,Women/Bottoms/Pants/Leggings,Men/Underwear and Socks/Socks and Tights/Sneaker,Baby/Baby/Leggings/Full Length,Men/Underwear and Socks/Socks and Tights/Mid-Calf,Kids/Bottoms/Sweatpants,"Women/Innerwear and Base Layers/Socks, Leggings, and Tights/Ankle Socks"
Men/Bottoms/Pants/Joggers and Sweatpants,Men/Bottoms/Pants/Joggers and Sweatpants,Men/Bottoms/Pants/Joggers and Sweatpants,Kids/Innerwear and Base Layers/Leggings and Tights/Leggings,"Women/Innerwear and Base Layers/Socks, Leggings, and Tights/Leggings","Kids/Socks, Underwear and Leggings/Leggings",Men/Bottoms/Pants/Regular and Relaxed,Men/Bottoms/Pants/Dress,Women/Bottoms/Jeans/Skinny,"Kids/Socks, Underwear and Leggings/Leggings",Baby/Baby/Leggings/Full Length,Women/Bottoms/Pants/Skinny,Baby/Baby/Leggings/Full Length,Kids/Bottoms/Sweatpants,Baby/Toddler/Pants and Leggings/Full,Women/Accessories and Shoes/Gloves,Kids/Innerwear and Base Layers/Leggings and Tights/Leggings,Women/Bottoms/Pants/Joggers and Sweatpants,Women/Bottoms/Pants/Joggers and Sweatpants,Women/Bottoms/Pants/Lounge
Men/Bottoms/Pants/Joggers and Sweatpants,Men/Bottoms/Pants/Joggers and Sweatpants,Men/Bottoms/Pants/Joggers and Sweatpants,"Kids/Socks, Underwear and Leggings/Leggings",Kids/Innerwear and Base Layers/Leggings and Tights/Leggings,Men/Bottoms/Pants/Regular and Relaxed,Men/Bottoms/Pants/Dress,"Women/Innerwear and Base Layers/Socks, Leggings, and Tights/Leggings",Women/Bottoms/Jeans/Skinny,Women/Bottoms/Pants/Lounge,Baby/Baby/Leggings/Full Length,Kids/Bottoms/Sweatpants,Women/Bottoms/Pants/Joggers and Sweatpants,Women/Bottoms/Pants/Joggers and Sweatpants,Baby/Baby/Leggings/Full Length,"Kids/Socks, Underwear and Leggings/Leggings",Baby/Toddler/Pants and Leggings/Full,Women/Accessories and Shoes/Gloves,Women/Bottoms/Pants/Skinny,Men/Underwear and Socks/Underwear/Boxers
Men/Bottoms/Pants/Joggers and Sweatpants,Men/Bottoms/Pants/Joggers and Sweatpants,Men/Bottoms/Pants/Joggers and Sweatpants,"Women/Innerwear and Base Layers/Socks, Leggings, and Tights/Leggings",Kids/Innerwear and Base Layers/Leggings and Tights/Leggings,"Kids/Socks, Underwear and Leggings/Leggings",Women/Bottoms/Jeans/Skinny,Men/Bottoms/Pants/Regular and Relaxed,Men/Bottoms/Pants/Dress,Baby/Baby/Leggings/Full Length,"Kids/Socks, Underwear and Leggings/Leggings",Women/Bottoms/Pants/Skinny,Baby/Baby/Leggings/Full Length,Men/Underwear and Socks/Socks and Tights/Mid-Calf,"Kids/Socks, Underwear and Leggings/Socks/Regular",Men/Underwear and Socks/Socks and Tights/Mid-Calf,Kids/Bottoms/Sweatpants,Baby/Toddler/Pants and Leggings/Full,Kids/Innerwear and Base Layers/Leggings and Tights/Leggings,Kids/Bottoms/Sweatpants
"Women/Innerwear and Base Layers/Socks, Leggings, and Tights/Mid-Calf Socks","Kids/Socks, Underwear and Leggings/Socks/No Show","Kids/Socks, Underwear and Leggings/Socks",Men/Bottoms/Pants/Joggers and Sweatpants,"Women/Innerwear and Base Layers/Socks, Leggings, and Tights/Mid-Calf Socks","Kids/Socks, Underwear and Leggings/Socks","Kids/Socks, Underwear and Leggings/Socks/No Show","Kids/Socks, Underwear and Leggings/Socks/No Show","Kids/Socks, Underwear and Leggings/Socks/Regular","Women/Innerwear and Base Layers/Socks, Leggings, and Tights/Ankle Socks","Women/Innerwear and Base Layers/Socks, Leggings, and Tights/Ankle Socks",Men/Bottoms/Pants/Joggers and Sweatpants,"Women/Innerwear and Base Layers/Socks, Leggings, and Tights/Mid-Calf Socks",Baby/Toddler/Socks,Baby/Toddler/Socks,Baby/Toddler/Socks,Baby/Toddler/Socks,"Kids/Socks, Underwear and Leggings/Socks/Sneaker",Men/Underwear and Socks/Socks and Tights/Sneaker,"Kids/Socks, Underwear and Leggings/Socks/Regular"
Men/Bottoms/Pants/Joggers and Sweatpants,Men/Bottoms/Pants/Joggers and Sweatpants,Men/Bottoms/Pants/Joggers and Sweatpants,"Women/Innerwear and Base Layers/Socks, Leggings, and Tights/Leggings",Kids/Innerwear and Base Layers/Leggings and Tights/Leggings,"Kids/Socks, Underwear and Leggings/Leggings",Women/Bottoms/Jeans/Skinny,Men/Bottoms/Pants/Dress,Men/Bottoms/Pants/Regular and Relaxed,"Kids/Socks, Underwear and Leggings/Leggings",Women/Bottoms/Pants/Skinny,Baby/Baby/Leggings/Full Length,Kids/Bottoms/Sweatpants,Baby/Baby/Leggings/Full Length,Men/Underwear and Socks/Socks and Tights/Mid-Calf,Kids/Bottoms/Sweatpants,Women/Bottoms/Pants/Joggers and Sweatpants,Baby/Toddler/Pants and Leggings/Full,Women/Bottoms/Pants/Joggers and Sweatpants,Kids/Innerwear and Base Layers/Leggings and Tights/Leggings
Men/Bottoms/Pants/Joggers and Sweatpants,Men/Bottoms/Pants/Joggers and Sweatpants,Men/Bottoms/Pants/Joggers and Sweatpants,Kids/Innerwear and Base Layers/Leggings and Tights/Leggings,"Kids/Socks, Underwear and Leggings/Leggings","Women/Innerwear and Base Layers/Socks, Leggings, and Tights/Leggings",Men/Bottoms/Pants/Regular and Relaxed,Men/Bottoms/Pants/Dress,Women/Bottoms/Jeans/Skinny,"Kids/Socks, Underwear and Leggings/Leggings",Women/Bottoms/Pants/Lounge,Baby/Baby/Leggings/Full Length,Kids/Bottoms/Sweatpants,Women/Bottoms/Pants/Skinny,Women/Bottoms/Pants/Joggers and Sweatpants,Women/Bottoms/Pants/Joggers and Sweatpants,Women/Accessories and Shoes/Gloves,Baby/Baby/Leggings/Full Length,Baby/Toddler/Pants and Leggings/Full,Kids/Bottoms/Sweatpants
Men/Bottoms/Pants/Joggers and Sweatpants,Men/Bottoms/Pants/Joggers and Sweatpants,Men/Bottoms/Pants/Joggers and Sweatpants,"Women/Innerwear and Base Layers/Socks, Leggings, and Tights/Leggings",Kids/Innerwear and Base Layers/Leggings and Tights/Leggings,"Kids/Socks, Underwear and Leggings/Leggings",Men/Bottoms/Pants/Regular and Relaxed,Men/Bottoms/Pants/Dress,Women/Bottoms/Jeans/Skinny,"Kids/Socks, Underwear and Leggings/Leggings",Women/Bottoms/Pants/Skinny,Baby/Baby/Leggings/Full Length,Baby/Baby/Leggings/Full Length,Kids/Bottoms/Sweatpants,Baby/Toddler/Pants and Leggings/Full,Kids/Innerwear and Base Layers/Leggings and Tights/Leggings,Women/Accessories and Shoes/Gloves,Women/Bottoms/Pants/Lounge,Women/Bottoms/Pants/Joggers and Sweatpants,Women/Bottoms/Pants/Joggers and Sweatpants
Men/Bottoms/Pants/Joggers and Sweatpants,Men/Bottoms/Pants/Joggers and Sweatpants,Men/Bottoms/Pants/Joggers and Sweatpants,Kids/Innerwear and Base Layers/Leggings and Tights/Leggings,"Women/Innerwear and Base Layers/Socks, Leggings, and Tights/Leggings","Kids/Socks, Underwear and Leggings/Leggings",Men/Bottoms/Pants/Dress,Men/Bottoms/Pants/Regular and Relaxed,Women/Bottoms/Jeans/Skinny,"Kids/Socks, Underwear and Leggings/Leggings",Baby/Baby/Leggings/Full Length,Women/Accessories and Shoes/Gloves,Kids/Bottoms/Sweatpants,Baby/Baby/Leggings/Full Length,Baby/Toddler/Pants and Leggings/Full,Women/Bottoms/Pants/Skinny,Women/Bottoms/Pants/Joggers and Sweatpants,Women/Bottoms/Pants/Joggers and Sweatpants,Women/Bottoms/Pants/Lounge,Kids/Innerwear and Base Layers/Undershirts/Long-Sleeve
Men/Bottoms/Pants/Joggers and Sweatpants,Men/Bottoms/Pants/Joggers and Sweatpants,Men/Bottoms/Pants/Joggers and Sweatpants,Kids/Innerwear and Base Layers/Leggings and Tights/Leggings,"Kids/Socks, Underwear and Leggings/Leggings","Women/Innerwear and Base Layers/Socks, Leggings, and Tights/Leggings",Men/Bottoms/Pants/Dress,Men/Bottoms/Pants/Regular and Relaxed,Women/Bottoms/Jeans/Skinny,"Kids/Socks, Underwear and Leggings/Leggings",Women/Accessories and Shoes/Gloves,Baby/Baby/Leggings/Full Length,Kids/Bottoms/Sweatpants,Baby/Toddler/Pants and Leggings/Full,Baby/Baby/Leggings/Full Length,Kids/Innerwear and Base Layers/Undershirts/Long-Sleeve,"Women/Innerwear and Base Layers/Socks, Leggings, and Tights/Leggings",Women/Bottoms/Pants/Leggings,Women/Bottoms/Pants/Skinny,Men/Bottoms/Pants/Dress
Men/Bottoms/Pants/Joggers and Sweatpants,Men/Bottoms/Pants/Joggers and Sweatpants,Men/Bottoms/Pants/Joggers and Sweatpants,"Women/Innerwear and Base Layers/Socks, Leggings, and Tights/Leggings",Kids/Innerwear and Base Layers/Leggings and Tights/Leggings,"Kids/Socks, Underwear and Leggings/Leggings",Men/Bottoms/Pants/Dress,Women/Bottoms/Jeans/Skinny,Men/Bottoms/Pants/Regular and Relaxed,"Kids/Socks, Underwear and Leggings/Leggings",Baby/Baby/Leggings/Full Length,Baby/Baby/Leggings/Full Length,Women/Accessories and Shoes/Gloves,Baby/Toddler/Pants and Leggings/Full,Women/Bottoms/Pants/Skinny,Kids/Bottoms/Sweatpants,Men/Underwear and Socks/Socks and Tights/Mid-Calf,Women/Bottoms/Pants/Leggings,Kids/Innerwear and Base Layers/Leggings and Tights/Leggings,Men/Underwear and Socks/Socks and Tights/Mid-Calf
Men/Bottoms/Pants/Joggers and Sweatpants,Men/Bottoms/Pants/Joggers and Sweatpants,Men/Bottoms/Pants/Joggers and Sweatpants,Kids/Innerwear and Base Layers/Leggings and Tights/Leggings,"Women/Innerwear and Base Layers/Socks, Leggings, and Tights/Leggings","Kids/Socks, Underwear and Leggings/Leggings",Men/Bottoms/Pants/Regular and Relaxed,Men/Bottoms/Pants/Dress,Women/Bottoms/Jeans/Skinny,"Kids/Socks, Underwear and Leggings/Leggings",Baby/Baby/Leggings/Full Length,Women/Bottoms/Pants/Skinny,Kids/Bottoms/Sweatpants,Baby/Baby/Leggings/Full Length,Baby/Toddler/Pants and Leggings/Full,Women/Accessories and Shoes/Gloves,Women/Bottoms/Pants/Joggers and Sweatpants,Women/Bottoms/Pants/Joggers and Sweatpants,Women/Bottoms/Pants/Lounge,Kids/Innerwear and Base Layers/Leggings and Tights/Leggings
"Kids/Socks, Underwear and Leggings/Socks/No Show","Women/Innerwear and Base Layers/Socks, Leggings, and Tights/Mid-Calf Socks","Women/Innerwear and Base Layers/Socks, Leggings, and Tights/Mid-Calf Socks","Kids/Socks, Underwear and Leggings/Socks/No Show","Kids/Socks, Underwear and Leggings/Socks/Regular","Kids/Socks, Underwear and Leggings/Socks","Kids/Socks, Underwear and Leggings/Socks","Kids/Socks, Underwear and Leggings/Socks/Regular","Kids/Socks, Underwear and Leggings/Socks/No Show","Women/Innerwear and Base Layers/Socks, Leggings, and Tights/Ankle Socks",Men/Underwear and Socks/Socks and Tights/Sneaker,"Women/Innerwear and Base Layers/Socks, Leggings, and Tights/Ankle Socks","Women/Innerwear and Base Layers/Socks, Leggings, and Tights/Mid-Calf Socks","Kids/Socks, Underwear and Leggings/Socks/Sneaker","Kids/Socks, Underwear and Leggings/Socks/Regular",Baby/Toddler/Socks,Baby/Toddler/Socks,Baby/Toddler/Socks,Baby/Toddler/Socks,Men/Collaborations/Uniqlo U/Accessories
Men/Bottoms/Pants/Joggers and Sweatpants,Men/Bottoms/Pants/Joggers and Sweatpants,Men/Bottoms/Pants/Joggers and Sweatpants,Kids/Innerwear and Base Layers/Leggings and Tights/Leggings,"Kids/Socks, Underwear and Leggings/Leggings","Women/Innerwear and Base Layers/Socks, Leggings, and Tights/Leggings",Men/Bottoms/Pants/Regular and Relaxed,Men/Bottoms/Pants/Dress,Women/Bottoms/Jeans/Skinny,"Kids/Socks, Underwear and Leggings/Leggings",Baby/Baby/Leggings/Full Length,Baby/Baby/Leggings/Full Length,Kids/Bottoms/Sweatpants,Women/Accessories and Shoes/Gloves,Baby/Toddler/Pants and Leggings/Full,Women/Bottoms/Pants/Skinny,Women/Bottoms/Pants/Lounge,Women/Bottoms/Pants/Joggers and Sweatpants,Women/Bottoms/Pants/Joggers and Sweatpants,Kids/Innerwear and Base Layers/Leggings and Tights/Leggings
Men/Bottoms/Pants/Joggers and Sweatpants,Men/Bottoms/Pants/Joggers and Sweatpants,Men/Bottoms/Pants/Joggers and Sweatpants,Kids/Innerwear and Base Layers/Leggings and Tights/Leggings,"Women/Innerwear and Base Layers/Socks, Leggings, and Tights/Leggings","Kids/Socks, Underwear and Leggings/Leggings",Men/Bottoms/Pants/Dress,Women/Bottoms/Jeans/Skinny,"Kids/Socks, Underwear and Leggings/Leggings",Men/Bottoms/Pants/Regular and Relaxed,Men/Underwear and Socks/Socks and Tights/Mid-Calf,"Kids/Socks, Underwear and Leggings/Socks/Regular",Men/Underwear and Socks/Socks and Tights/Mid-Calf,Baby/Baby/Leggings/Full Length,Men/Underwear and Socks/Socks and Tights/Sneaker,Women/Accessories and Shoes/Gloves,Women/Bottoms/Pants/Leggings,Baby/Baby/Leggings/Full Length,Baby/Toddler/Pants and Leggings/Full,Women/Bottoms/Pants/Skinny
Kids/Bottoms/Leggings,Men/Accessories and Shoes/Sunglasses,Baby/Baby/One-Pieces/Long-Sleeve,Baby/Baby/One-Pieces/Long-Sleeve,Men/Accessories and Shoes/Hats and Beanies,Baby/Baby/Bodysuits/Short Sleeve,Baby/Baby/One-Pieces/Long-Sleeve,Baby/Baby/One-Pieces/Long-Sleeve,Baby/Baby/One-Pieces/Long-Sleeve,Women/Loungewear/Pajamas,Men/Tops/T-Shirts/Oversized,Women/Collaborations/Uniqlo U/Sweatshirts and Sweatpants,Women/Tops/T-Shirts/Fashion,Men/Tops/Casual Shirts/Extra Fine Cotton,Women/Loungewear/Pajamas,Men/Collaborations/Uniqlo U/Shirts,Women/Loungewear/Pajamas,Men/Collaborations/Uniqlo U/Bottoms,Men/Accessories and Shoes/Hats and Beanies,Baby/Baby/Bodysuits/Short Sleeve
Men/Bottoms/Pants/Joggers and Sweatpants,Men/Bottoms/Pants/Joggers and Sweatpants,Men/Bottoms/Pants/Joggers and Sweatpants,Kids/Innerwear and Base Layers/Leggings and Tights/Leggings,"Kids/Socks, Underwear and Leggings/Leggings","Women/Innerwear and Base Layers/Socks, Leggings, and Tights/Leggings",Men/Bottoms/Pants/Regular and Relaxed,Men/Bottoms/Pants/Dress,Women/Bottoms/Jeans/Skinny,"Kids/Socks, Underwear and Leggings/Leggings",Baby/Baby/Leggings/Full Length,Baby/Baby/Leggings/Full Length,Kids/Bottoms/Sweatpants,Baby/Toddler/Pants and Leggings/Full,Women/Accessories and Shoes/Gloves,Women/Bottoms/Pants/Skinny,Women/Bottoms/Pants/Lounge,Women/Bottoms/Pants/Joggers and Sweatpants,Women/Bottoms/Pants/Joggers and Sweatpants,Kids/Innerwear and Base Layers/Leggings and Tights/Leggings
Men/Bottoms/Pants/Joggers and Sweatpants,Men/Bottoms/Pants/Joggers and Sweatpants,Kids/Tops/Sweatshirts/Active,Men/Loungewear/Home Accessories,Women/Outerwear and Blazers/Jackets,Women/Tops/Sweatshirts and Hoodies/Hoodies,Men/Loungewear/Home Accessories,Men/Underwear and Socks/Socks and Tights/Tights,Men/Underwear and Socks/Socks and Tights/Tights,Men/Bottoms/Pants/Joggers and Sweatpants,Kids/Innerwear and Base Layers/Undershirts/Long-Sleeve,Men/Bottoms/Pants/Slim,Men/Tops/Casual Shirts/Flannel,"Women/Innerwear and Base Layers/Socks, Leggings, and Tights/Ankle Socks",Women/Innerwear and Base Layers/Undershirts/HEATTECH,Men/Tops/Sweatshirts and Hoodies/Hoodies,Women/Bottoms/Shorts/Casual,Kids/Bottoms/Sweatpants,Men/Underwear and Socks/Underwear/Boxers,Men/Loungewear/Home Accessories
Men/Bottoms/Pants/Joggers and Sweatpants,Men/Bottoms/Pants/Joggers and Sweatpants,Men/Bottoms/Pants/Joggers and Sweatpants,"Women/Innerwear and Base Layers/Socks, Leggings, and Tights/Leggings",Kids/Innerwear and Base Layers/Leggings and Tights/Leggings,"Kids/Socks, Underwear and Leggings/Leggings",Men/Bottoms/Pants/Dress,Men/Bottoms/Pants/Regular and Relaxed,Women/Bottoms/Jeans/Skinny,"Kids/Socks, Underwear and Leggings/Leggings",Baby/Baby/Leggings/Full Length,Baby/Baby/Leggings/Full Length,Women/Bottoms/Pants/Skinny,Baby/Toddler/Pants and Leggings/Full,Kids/Bottoms/Sweatpants,Women/Accessories and Shoes/Gloves,Kids/Innerwear and Base Layers/Leggings and Tights/Leggings,Women/Bottoms/Pants/Leggings,Women/Bottoms/Pants/Joggers and Sweatpants,Women/Bottoms/Pants/Joggers and Sweatpants
Men/Bottoms/Pants/Joggers and Sweatpants,Men/Bottoms/Pants/Joggers and Sweatpants,"Women/Innerwear and Base Layers/Socks, Leggings, and Tights/Mid-Calf Socks","Women/Innerwear and Base Layers/Socks, Leggings, and Tights/Mid-Calf Socks","Kids/Socks, Underwear and Leggings/Socks/No Show",Men/Bottoms/Pants/Joggers and Sweatpants,"Kids/Socks, Underwear and Leggings/Socks","Kids/Socks, Underwear and Leggings/Socks",Men/Underwear and Socks/Socks and Tights/Sneaker,"Kids/Socks, Underwear and Leggings/Socks/Regular","Kids/Socks, Underwear and Leggings/Socks/No Show","Kids/Socks, Underwear and Leggings/Socks/Sneaker","Kids/Socks, Underwear and Leggings/Socks/Regular","Women/Innerwear and Base Layers/Socks, Leggings, and Tights/Mid-Calf Socks","Women/Innerwear and Base Layers/Socks, Leggings, and Tights/Mid-Calf Socks","Women/Innerwear and Base Layers/Socks, Leggings, and Tights/Ankle Socks","Kids/Socks, Underwear and Leggings/Socks/No Show","Kids/Socks, Underwear and Leggings/Socks/Regular","Women/Innerwear and Base Layers/Socks, Leggings, and Tights/Ankle Socks","Kids/Socks, Underwear and Leggings/Socks/Regular"
Men/Bottoms/Pants/Joggers and Sweatpants,Men/Bottoms/Pants/Joggers and Sweatpants,Men/Bottoms/Pants/Joggers and Sweatpants,Kids/Innerwear and Base Layers/Leggings and Tights/Leggings,"Women/Innerwear and Base Layers/Socks, Leggings, and Tights/Leggings","Kids/Socks, Underwear and Leggings/Leggings",Men/Bottoms/Pants/Regular and Relaxed,Men/Bottoms/Pants/Dress,Women/Bottoms/Jeans/Skinny,"Kids/Socks, Underwear and Leggings/Leggings",Baby/Baby/Leggings/Full Length,Baby/Baby/Leggings/Full Length,Women/Bottoms/Pants/Skinny,Kids/Bottoms/Sweatpants,Baby/Toddler/Pants and Leggings/Full,Women/Accessories and Shoes/Gloves,Women/Bottoms/Pants/Lounge,Kids/Innerwear and Base Layers/Leggings and Tights/Leggings,Women/Bottoms/Pants/Joggers and Sweatpants,Women/Bottoms/Pants/Joggers and Sweatpants
Kids/Bottoms/Leggings,Men/Tops/T-Shirts/Active,Men/Accessories and Shoes/Hats and Beanies,Men/Accessories and Shoes/Hats and Beanies,Kids/Dresses and Skirts/Dresses,Kids/Dresses and Skirts/Dresses,Baby/Baby/One-Pieces/Long-Sleeve,Baby/Baby/One-Pieces/Long-Sleeve,Baby/Baby/One-Pieces/Long-Sleeve,Men/Accessories and Shoes/Bags,Men/Accessories and Shoes/Bags,UT Graphic Tees/The Brands Volkswagen/Adults,UT Graphic Tees/The Brands Volkswagen/Adults,UT Graphic Tees/The Brands Volkswagen/Adults,UT Graphic Tees/The Brands Volkswagen/Adults,UT Graphic Tees/The Brands Volkswagen/Adults,Men/Accessories and Shoes/Sunglasses,Baby/Baby/Bodysuits/Short Sleeve,Women/Loungewear/Bottoms,Men/Accessories and Shoes/Home/Slippers
Men/Accessories and Shoes/Hats and Beanies,Kids/Bottoms/Leggings,Men/Accessories and Shoes/Sunglasses,Men/Accessories and Shoes/Hats and Beanies,Men/Tops/T-Shirts/Active,Baby/Baby/One-Pieces/Long-Sleeve,Baby/Baby/One-Pieces/Long-Sleeve,Baby/Baby/One-Pieces/Long-Sleeve,Baby/Baby/One-Pieces/Long-Sleeve,Baby/Baby/One-Pieces/Long-Sleeve,Baby/Baby/Bodysuits/Short Sleeve,Women/Loungewear/Pajamas,Women/Loungewear/Pajamas,Kids/Dresses and Skirts/Dresses,Kids/Dresses and Skirts/Dresses,Women/Loungewear/Pajamas,Baby/Baby/Bodysuits/Short Sleeve,Baby/Baby/Bodysuits/Short Sleeve,Women/Bottoms/Shorts/Lounge,Women/Bottoms/Shorts/Lounge
"Women/Innerwear and Base Layers/Socks, Leggings, and Tights/Mid-Calf Socks","Kids/Socks, Underwear and Leggings/Socks","Women/Innerwear and Base Layers/Socks, Leggings, and Tights/Mid-Calf Socks","Kids/Socks, Underwear and Leggings/Socks/Regular","Kids/Socks, Underwear and Leggings/Socks","Women/Innerwear and Base Layers/Socks, Leggings, and Tights/Mid-Calf Socks",Men/Underwear and Socks/Socks and Tights/Sneaker,"Kids/Socks, Underwear and Leggings/Socks/No Show","Kids/Socks, Underwear and Leggings/Socks/Regular","Kids/Socks, Underwear and Leggings/Socks/Sneaker","Women/Innerwear and Base Layers/Socks, Leggings, and Tights/Mid-Calf Socks","Kids/Socks, Underwear and Leggings/Socks/No Show","Kids/Socks, Underwear and Leggings/Socks/Regular",Men/Underwear and Socks/Socks and Tights/Colorful 50,"Kids/Socks, Underwear and Leggings/Socks","Women/Innerwear and Base Layers/Socks, Leggings, and Tights/Ankle Socks","Women/Innerwear and Base Layers/Socks, Leggings, and Tights/Ankle Socks",Baby/Toddler/Socks,Baby/Toddler/Socks,Baby/Toddler/Socks
UT Graphic Tees/Mickey Art/Women,UT Graphic Tees/Mickey Art/Women,UT Graphic Tees/Mickey Art/Women,UT Graphic Tees/Mickey Art/Women,UT Graphic Tees/Mickey Art/Women,UT Graphic Tees/Mickey Art/Women,UT Graphic Tees/Mickey Mouse Photo Days/Adults,UT Graphic Tees/Mickey Mouse Photo Days/Adults,UT Graphic Tees/Mickey Mouse Photo Days/Adults,UT Graphic Tees/Mickey Mouse Photo Days/Kids,UT Graphic Tees/Mickey Mouse Photo Days/Adults,UT Graphic Tees/Mickey Mouse Photo Days/Adults,UT Graphic Tees/Shop All Magic for All/Women,UT Graphic Tees/Shop All Magic for All/Women,UT Graphic Tees/Shop All Magic for All/Women,UT Graphic Tees/Shop All Magic for All/Women,UT Graphic Tees/Shop All Magic for All/Women,UT Graphic Tees/Shop All Magic for All/Women,UT Graphic Tees/Shop All Magic for All/Women,UT Graphic Tees/Shop All Magic for All/Women
UT Graphic Tees/Peanuts/Baby,UT Graphic Tees/Peanuts/Kids,UT Graphic Tees/Peanuts/Women,UT Graphic Tees/Peanuts/Baby,UT Graphic Tees/Peanuts/Baby,UT Graphic Tees/Peanuts/Baby,UT Graphic Tees/Peanuts/Women,UT Graphic Tees/Peanuts Vintage/Adults,UT Graphic Tees/Peanuts Vintage/Adults,UT Graphic Tees/Peanuts Vintage/Adults,UT Graphic Tees/Peanuts/Women,UT Graphic Tees/Peanuts/Women,UT Graphic Tees/Peanuts Vintage/Adults,UT Graphic Tees/Peanuts/Women,UT Graphic Tees/Peanuts/Women,UT Graphic Tees/The Brands Volkswagen/Adults,UT Graphic Tees/The Brands Volkswagen/Adults,UT Graphic Tees/The Brands Volkswagen/Adults,UT Graphic Tees/The Brands Volkswagen/Adults,UT Graphic Tees/The Brands Volkswagen/Adults
UT Graphic Tees/Mamoru Hosoda/Adults,UT Graphic Tees/Mamoru Hosoda/Adults,UT Graphic Tees/Anime Jujutsu Kaisen/Kids,UT Graphic Tees/Anime Jujutsu Kaisen/Kids,UT Graphic Tees/Anime Demon Slayer/Kids,UT Graphic Tees/Anime Demon Slayer/Kids,UT Graphic Tees/Anime Demon Slayer/Adults,UT Graphic Tees/Anime Demon Slayer/Women,UT Graphic Tees/Anime Demon Slayer/Adults,UT Graphic Tees/Anime Demon Slayer/Women,UT Graphic Tees/Anime Demon Slayer/Women,UT Graphic Tees/Anime Demon Slayer/Adults,UT Graphic Tees/Anime Demon Slayer/Adults,UT Graphic Tees/Anime Demon Slayer/Adults,UT Graphic Tees/Anime Demon Slayer/Women,UT Graphic Tees/Anime Demon Slayer/Kids,UT Graphic Tees/Manga Jujutsu Kaisen/Kids,UT Graphic Tees/Manga Jujutsu Kaisen/Adults,UT Graphic Tees/Manga Jujutsu Kaisen/Adults,UT Graphic Tees/Manga Jujutsu Kaisen/Adults
Men/Bottoms/Pants/Joggers and Sweatpants,Men/Bottoms/Pants/Joggers and Sweatpants,Men/Bottoms/Pants/Joggers and Sweatpants,Kids/Innerwear and Base Layers/Leggings and Tights/Leggings,"Kids/Socks, Underwear and Leggings/Leggings","Women/Innerwear and Base Layers/Socks, Leggings, and Tights/Leggings",Men/Bottoms/Pants/Dress,Men/Bottoms/Pants/Regular and Relaxed,Women/Bottoms/Jeans/Skinny,"Kids/Socks, Underwear and Leggings/Leggings",Baby/Baby/Leggings/Full Length,Women/Accessories and Shoes/Gloves,Baby/Baby/Leggings/Full Length,Kids/Bottoms/Sweatpants,Baby/Toddler/Pants and Leggings/Full,Women/Bottoms/Pants/Skinny,Women/Bottoms/Pants/Joggers and Sweatpants,Women/Bottoms/Pants/Joggers and Sweatpants,Kids/Innerwear and Base Layers/Leggings and Tights/Leggings,Women/Bottoms/Pants/Lounge
Men/Bottoms/Pants/Joggers and Sweatpants,Men/Bottoms/Pants/Joggers and Sweatpants,Men/Bottoms/Pants/Joggers and Sweatpants,Kids/Innerwear and Base Layers/Leggings and Tights/Leggings,"Kids/Socks, Underwear and Leggings/Leggings","Women/Innerwear and Base Layers/Socks, Leggings, and Tights/Leggings",Men/Bottoms/Pants/Regular and Relaxed,Men/Bottoms/Pants/Dress,Women/Bottoms/Jeans/Skinny,"Kids/Socks, Underwear and Leggings/Leggings",Baby/Baby/Leggings/Full Length,Baby/Baby/Leggings/Full Length,Kids/Bottoms/Sweatpants,Baby/Toddler/Pants and Leggings/Full,Women/Bottoms/Pants/Skinny,Women/Accessories and Shoes/Gloves,Women/Bottoms/Pants/Lounge,Women/Bottoms/Pants/Joggers and Sweatpants,Women/Bottoms/Pants/Joggers and Sweatpants,Kids/Innerwear and Base Layers/Leggings and Tights/Leggings
Men/Bottoms/Pants/Joggers and Sweatpants,Men/Bottoms/Pants/Joggers and Sweatpants,Men/Bottoms/Pants/Joggers and Sweatpants,"Women/Innerwear and Base Layers/Socks, Leggings, and Tights/Leggings",Kids/Innerwear and Base Layers/Leggings and Tights/Leggings,"Kids/Socks, Underwear and Leggings/Leggings",Men/Bottoms/Pants/Regular and Relaxed,Men/Bottoms/Pants/Dress,Women/Bottoms/Jeans/Skinny,"Kids/Socks, Underwear and Leggings/Leggings",Baby/Baby/Leggings/Full Length,Baby/Baby/Leggings/Full Length,Women/Bottoms/Pants/Skinny,Baby/Toddler/Pants and Leggings/Full,Kids/Bottoms/Sweatpants,Kids/Innerwear and Base Layers/Leggings and Tights/Leggings,Women/Accessories and Shoes/Gloves,Men/Underwear and Socks/Socks and Tights/Mid-Calf,Men/Underwear and Socks/Socks and Tights/Mid-Calf,Women/Bottoms/Pants/Leggings
Men/Bottoms/Pants/Joggers and Sweatpants,Men/Bottoms/Pants/Joggers and Sweatpants,Men/Bottoms/Pants/Joggers and Sweatpants,Kids/Innerwear and Base Layers/Leggings and Tights/Leggings,"Women/Innerwear and Base Layers/Socks, Leggings, and Tights/Leggings","Kids/Socks, Underwear and Leggings/Leggings",Men/Bottoms/Pants/Dress,Men/Bottoms/Pants/Regular and Relaxed,Women/Bottoms/Jeans/Skinny,"Kids/Socks, Underwear and Leggings/Leggings",Baby/Baby/Leggings/Full Length,Baby/Baby/Leggings/Full Length,Kids/Bottoms/Sweatpants,Baby/Toddler/Pants and Leggings/Full,Women/Accessories and Shoes/Gloves,Women/Bottoms/Pants/Skinny,Women/Bottoms/Pants/Leggings,Men/Underwear and Socks/Socks and Tights/Mid-Calf,Kids/Innerwear and Base Layers/Leggings and Tights/Leggings,Women/Bottoms/Pants/Joggers and Sweatpants
Men/Tops/T-Shirts/Oversized,Women/Collaborations/Uniqlo U/Outerwear,Men/Collaborations/Uniqlo U/Bottoms,Women/Collaborations/Uniqlo U/Dresses,Women/Collaborations/Uniqlo U/Outerwear,Women/Collaborations/Uniqlo U/Sweatshirts and Sweatpants,Women/Collaborations/Uniqlo U/Bottoms,Women/Collaborations/Uniqlo U/Dresses,Kids/Tops/T-Shirts/Short Sleeve,Men/Tops/T-Shirts/Active,Kids/Collaborations/Uniqlo U/Bottoms,Men/Collaborations/Uniqlo U/Shirts,Women/Collaborations/Uniqlo U/Bottoms,Women/Collaborations/Uniqlo U/Bottoms,Women/Collaborations/Uniqlo U/Outerwear,Kids/Collaborations/Uniqlo U/Shirts,Women/Collaborations/Uniqlo U/Shirts and Blouses,Kids/Collaborations/Uniqlo U/Shirts,Men/Tops/T-Shirts/Essential,Women/Tops/T-Shirts/Essential
Men/Bottoms/Pants/Joggers and Sweatpants,Men/Bottoms/Pants/Joggers and Sweatpants,Men/Bottoms/Pants/Joggers and Sweatpants,Kids/Innerwear and Base Layers/Leggings and Tights/Leggings,"Women/Innerwear and Base Layers/Socks, Leggings, and Tights/Leggings","Kids/Socks, Underwear and Leggings/Leggings",Men/Bottoms/Pants/Dress,Men/Bottoms/Pants/Regular and Relaxed,Women/Bottoms/Jeans/Skinny,"Kids/Socks, Underwear and Leggings/Leggings",Baby/Baby/Leggings/Full Length,Kids/Bottoms/Sweatpants,Baby/Baby/Leggings/Full Length,Baby/Toddler/Pants and Leggings/Full,Women/Bottoms/Pants/Skinny,Women/Accessories and Shoes/Gloves,Kids/Innerwear and Base Layers/Leggings and Tights/Leggings,Women/Bottoms/Pants/Joggers and Sweatpants,Women/Bottoms/Pants/Joggers and Sweatpants,Kids/Innerwear and Base Layers/Undershirts/Long-Sleeve
Men/Bottoms/Pants/Joggers and Sweatpants,Men/Bottoms/Pants/Joggers and Sweatpants,Men/Bottoms/Pants/Joggers and Sweatpants,Kids/Innerwear and Base Layers/Leggings and Tights/Leggings,"Kids/Socks, Underwear and Leggings/Leggings","Women/Innerwear and Base Layers/Socks, Leggings, and Tights/Leggings",Men/Bottoms/Pants/Regular and Relaxed,Men/Bottoms/Pants/Dress,Women/Bottoms/Jeans/Skinny,"Kids/Socks, Underwear and Leggings/Leggings",Baby/Baby/Leggings/Full Length,Baby/Baby/Leggings/Full Length,Kids/Bottoms/Sweatpants,Baby/Toddler/Pants and Leggings/Full,Women/Accessories and Shoes/Gloves,Women/Bottoms/Pants/Skinny,Women/Bottoms/Pants/Lounge,Women/Bottoms/Pants/Joggers and Sweatpants,Women/Bottoms/Pants/Joggers and Sweatpants,Kids/Innerwear and Base Layers/Leggings and Tights/Leggings
Men/Bottoms/Pants/Joggers and Sweatpants,Men/Bottoms/Pants/Joggers and Sweatpants,Men/Bottoms/Pants/Joggers and Sweatpants,Kids/Innerwear and Base Layers/Leggings and Tights/Leggings,"Kids/Socks, Underwear and Leggings/Leggings","Women/Innerwear and Base Layers/Socks, Leggings, and Tights/Leggings",Men/Bottoms/Pants/Regular and Relaxed,Men/Bottoms/Pants/Dress,Women/Bottoms/Jeans/Skinny,"Kids/Socks, Underwear and Leggings/Leggings",Baby/Baby/Leggings/Full Length,Baby/Baby/Leggings/Full Length,Kids/Bottoms/Sweatpants,Baby/Toddler/Pants and Leggings/Full,Women/Bottoms/Pants/Skinny,Women/Accessories and Shoes/Gloves,Kids/Innerwear and Base Layers/Leggings and Tights/Leggings,Women/Bottoms/Pants/Lounge,Men/Underwear and Socks/Socks and Tights/Mid-Calf,Women/Bottoms/Pants/Joggers and Sweatpants
UT Graphic Tees/Anime Jujutsu Kaisen/Kids,UT Graphic Tees/Anime Jujutsu Kaisen/Kids,UT Graphic Tees/Mamoru Hosoda/Adults,UT Graphic Tees/Mamoru Hosoda/Adults,UT Graphic Tees/Anime Demon Slayer/Adults,UT Graphic Tees/Anime Demon Slayer/Adults,UT Graphic Tees/Anime Demon Slayer/Women,UT Graphic Tees/Anime Demon Slayer/Women,UT Graphic Tees/Anime Demon Slayer/Adults,UT Graphic Tees/Anime Demon Slayer/Women,UT Graphic Tees/Anime Demon Slayer/Women,UT Graphic Tees/Anime Demon Slayer/Kids,UT Graphic Tees/Anime Demon Slayer/Kids,UT Graphic Tees/Anime Demon Slayer/Kids,UT Graphic Tees/Anime Demon Slayer/Adults,UT Graphic Tees/Anime Demon Slayer/Adults,UT Graphic Tees/Manga Jujutsu Kaisen/Kids,UT Graphic Tees/Manga Jujutsu Kaisen/Adults,UT Graphic Tees/Manga Jujutsu Kaisen/Adults,UT Graphic Tees/Manga Jujutsu Kaisen/Adults
Men/Bottoms/Pants/Joggers and Sweatpants,Men/Bottoms/Pants/Joggers and Sweatpants,Men/Bottoms/Pants/Joggers and Sweatpants,"Women/Innerwear and Base Layers/Socks, Leggings, and Tights/Leggings",Kids/Innerwear and Base Layers/Leggings and Tights/Leggings,"Kids/Socks, Underwear and Leggings/Leggings",Men/Bottoms/Pants/Regular and Relaxed,Women/Bottoms/Jeans/Skinny,Men/Bottoms/Pants/Dress,"Kids/Socks, Underwear and Leggings/Leggings",Baby/Baby/Leggings/Full Length,Women/Bottoms/Pants/Skinny,Baby/Baby/Leggings/Full Length,Kids/Bottoms/Sweatpants,Baby/Toddler/Pants and Leggings/Full,Kids/Innerwear and Base Layers/Leggings and Tights/Leggings,Women/Bottoms/Pants/Lounge,Women/Bottoms/Pants/Joggers and Sweatpants,Women/Bottoms/Pants/Joggers and Sweatpants,Kids/Bottoms/Sweatpants
Men/Bottoms/Pants/Joggers and Sweatpants,Men/Bottoms/Pants/Joggers and Sweatpants,Men/Bottoms/Pants/Joggers and Sweatpants,Kids/Innerwear and Base Layers/Leggings and Tights/Leggings,"Kids/Socks, Underwear and Leggings/Leggings","Women/Innerwear and Base Layers/Socks, Leggings, and Tights/Leggings",Men/Bottoms/Pants/Regular and Relaxed,Men/Bottoms/Pants/Dress,Women/Bottoms/Jeans/Skinny,"Kids/Socks, Underwear and Leggings/Leggings",Baby/Baby/Leggings/Full Length,Women/Bottoms/Pants/Skinny,Kids/Bottoms/Sweatpants,Baby/Baby/Leggings/Full Length,Baby/Toddler/Pants and Leggings/Full,Women/Bottoms/Pants/Lounge,Women/Bottoms/Pants/Joggers and Sweatpants,Women/Bottoms/Pants/Joggers and Sweatpants,Kids/Bottoms/Sweatpants,Women/Accessories and Shoes/Gloves
Men/Bottoms/Pants/Joggers and Sweatpants,Men/Bottoms/Pants/Joggers and Sweatpants,Men/Bottoms/Pants/Joggers and Sweatpants,"Women/Innerwear and Base Layers/Socks, Leggings, and Tights/Leggings",Kids/Innerwear and Base Layers/Leggings and Tights/Leggings,"Kids/Socks, Underwear and Leggings/Leggings",Men/Bottoms/Pants/Dress,Women/Bottoms/Jeans/Skinny,Men/Bottoms/Pants/Regular and Relaxed,"Kids/Socks, Underwear and Leggings/Leggings",Women/Bottoms/Pants/Skinny,Baby/Baby/Leggings/Full Length,Kids/Bottoms/Sweatpants,Kids/Innerwear and Base Layers/Undershirts/Long-Sleeve,Women/Accessories and Shoes/Gloves,Baby/Baby/Leggings/Full Length,Baby/Toddler/Pants and Leggings/Full,Women/Bottoms/Pants/Joggers and Sweatpants,Women/Bottoms/Pants/Joggers and Sweatpants,Women/Bottoms/Pants/Leggings
Men/Bottoms/Pants/Joggers and Sweatpants,Men/Bottoms/Pants/Joggers and Sweatpants,Men/Bottoms/Pants/Joggers and Sweatpants,Kids/Innerwear and Base Layers/Leggings and Tights/Leggings,"Kids/Socks, Underwear and Leggings/Leggings","Women/Innerwear and Base Layers/Socks, Leggings, and Tights/Leggings",Men/Bottoms/Pants/Regular and Relaxed,Men/Bottoms/Pants/Dress,Women/Bottoms/Jeans/Skinny,"Kids/Socks, Underwear and Leggings/Leggings",Baby/Baby/Leggings/Full Length,Kids/Bottoms/Sweatpants,Baby/Baby/Leggings/Full Length,Baby/Toddler/Pants and Leggings/Full,Women/Accessories and Shoes/Gloves,Women/Bottoms/Pants/Skinny,Women/Bottoms/Pants/Lounge,Women/Bottoms/Pants/Joggers and Sweatpants,Women/Bottoms/Pants/Joggers and Sweatpants,Kids/Innerwear and Base Layers/Leggings and Tights/Leggings
Men/Bottoms/Pants/Joggers and Sweatpants,Men/Bottoms/Pants/Joggers and Sweatpants,Men/Bottoms/Pants/Joggers and Sweatpants,Kids/Innerwear and Base Layers/Leggings and Tights/Leggings,"Kids/Socks, Underwear and Leggings/Leggings","Women/Innerwear and Base Layers/Socks, Leggings, and Tights/Leggings",Men/Bottoms/Pants/Regular and Relaxed,Men/Bottoms/Pants/Dress,Women/Bottoms/Jeans/Skinny,"Kids/Socks, Underwear and Leggings/Leggings",Baby/Baby/Leggings/Full Length,Baby/Baby/Leggings/Full Length,Kids/Bottoms/Sweatpants,Baby/Toddler/Pants and Leggings/Full,Women/Bottoms/Pants/Skinny,Women/Accessories and Shoes/Gloves,Women/Bottoms/Pants/Lounge,Women/Bottoms/Pants/Joggers and Sweatpants,Women/Bottoms/Pants/Joggers and Sweatpants,Kids/Innerwear and Base Layers/Leggings and Tights/Leggings
Men/Bottoms/Pants/Joggers and Sweatpants,Men/Bottoms/Pants/Joggers and Sweatpants,Men/Bottoms/Pants/Joggers and Sweatpants,Kids/Innerwear and Base Layers/Leggings and Tights/Leggings,"Kids/Socks, Underwear and Leggings/Leggings","Women/Innerwear and Base Layers/Socks, Leggings, and Tights/Leggings",Men/Bottoms/Pants/Regular and Relaxed,Men/Bottoms/Pants/Dress,Women/Bottoms/Jeans/Skinny,"Kids/Socks, Underwear and Leggings/Leggings",Baby/Baby/Leggings/Full Length,Kids/Bottoms/Sweatpants,Baby/Baby/Leggings/Full Length,Baby/Toddler/Pants and Leggings/Full,Women/Accessories and Shoes/Gloves,Women/Bottoms/Pants/Skinny,Women/Bottoms/Pants/Lounge,Women/Bottoms/Pants/Joggers and Sweatpants,Women/Bottoms/Pants/Joggers and Sweatpants,Men/Underwear and Socks/Underwear/Boxers
Men/Bottoms/Pants/Joggers and Sweatpants,Men/Bottoms/Pants/Joggers and Sweatpants,Men/Bottoms/Pants/Joggers and Sweatpants,Kids/Innerwear and Base Layers/Leggings and Tights/Leggings,"Kids/Socks, Underwear and Leggings/Leggings","Women/Innerwear and Base Layers/Socks, Leggings, and Tights/Leggings",Men/Bottoms/Pants/Regular and Relaxed,Men/Bottoms/Pants/Dress,Women/Bottoms/Jeans/Skinny,"Kids/Socks, Underwear and Leggings/Leggings",Baby/Baby/Leggings/Full Length,Kids/Bottoms/Sweatpants,Baby/Baby/Leggings/Full Length,Women/Accessories and Shoes/Gloves,Baby/Toddler/Pants and Leggings/Full,Women/Bottoms/Pants/Skinny,Women/Bottoms/Pants/Lounge,Women/Bottoms/Pants/Joggers and Sweatpants,Women/Bottoms/Pants/Joggers and Sweatpants,Kids/Innerwear and Base Layers/Leggings and Tights/Leggings
