Home,Home,Home,Home,Home,Home,Home,Home,Home,Home,Home,Home,Home,Home,Beauty,Home,Home,Home,Home,Home
Home,Home,Home,Home,Home,Home,Home,Home,Home,Home,Home,Home,Home,Beauty,Home,Home,Home,Home,Home,Home
Clothes and Shoes,Clothes and Shoes,Clothes and Shoes,Clothes and Shoes,Clothes and Shoes,Clothes and Shoes,Clothes and Shoes,Clothes and Shoes,Clothes and Shoes,Toy Store,Clothes and Shoes,Clothes and Shoes,Clothes and Shoes,Clothes and Shoes,Clothes and Shoes,Clothes and Shoes,Beauty,Clothes and Shoes,Clothes and Shoes,Clothes and Shoes
School,School,School,Home,School,Home,Clothes and Shoes,School,Sports,School,School,Clothes and Shoes,Technology,Technology,School,Bedroom,School,School,School,School
Toy Store,Toy Store,Toy Store,Toy Store,Toy Store,Toy Store,Toy Store,Toy Store,Toy Store,Toy Store,Toy Store,Toy Store,Toy Store,Toy Store,Toy Store,Toy Store,Toy Store,Toy Store,Toy Store,Toy Store
Bedroom,Bedroom,Clothes and Shoes,Home,Bedroom,Bedroom,Bedroom,Bedroom,Bedroom,Clothes and Shoes,Clothes and Shoes,Bedroom,Bedroom,Bedroom,Bedroom,Bedroom,Bedroom,Bedroom,Bedroom,Bedroom
Technology,Videogames and Consoles,Videogames and Consoles,Toy Store,Videogames and Consoles,Videogames and Consoles,Videogames and Consoles,Sports,Sports,Pets,Sports,Technology,Pets,Videogames and Consoles,Pets,Home,Videogames and Consoles,Pets,Toy Store,Sports
Pets,Clothes and Shoes,Clothes and Shoes,Pets,Pets,Pets,Pets,Pets,Pets,Clothes and Shoes,Clothes and Shoes,Clothes and Shoes,Clothes and Shoes,Clothes and Shoes,Beauty,Beauty,Clothes and Shoes,Beauty,Beauty,Clothes and Shoes
Toy Store,Toy Store,Toy Store,Toy Store,Toy Store,Toy Store,Toy Store,Toy Store,Toy Store,Toy Store,Toy Store,Toy Store,Toy Store,Toy Store,Toy Store,Toy Store,Toy Store,Toy Store,Toy Store,Toy Store
Toy Store,Clothes and Shoes,Clothes and Shoes,Clothes and Shoes,Clothes and Shoes,Toy Store,Clothes and Shoes,Toy Store,Toy Store,Clothes and Shoes,Clothes and Shoes,Clothes and Shoes,Clothes and Shoes,Clothes and Shoes,Toy Store,Clothes and Shoes,Beauty,Clothes and Shoes,Clothes and Shoes,Clothes and Shoes
Toy Store,Toy Store,Toy Store,Toy Store,Toy Store,Toy Store,Toy Store,Toy Store,Toy Store,Toy Store,Toy Store,Toy Store,Toy Store,Toy Store,Toy Store,Toy Store,Toy Store,Toy Store,Toy Store,Toy Store
Clothes and Shoes,Clothes and Shoes,Clothes and Shoes,Clothes and Shoes,Clothes and Shoes,Clothes and Shoes,Clothes and Shoes,Clothes and Shoes,Clothes and Shoes,Clothes and Shoes,Clothes and Shoes,Clothes and Shoes,Clothes and Shoes,Clothes and Shoes,Clothes and Shoes,Clothes and Shoes,Clothes and Shoes,Clothes and Shoes,Clothes and Shoes,Clothes and Shoes
Toy Store,Toy Store,Toy Store,Toy Store,Toy Store,Toy Store,Toy Store,School,Toy Store,Toy Store,Videogames and Consoles,Toy Store,Sports,Toy Store,Toy Store,Toy Store,Toy Store,Toy Store,Toy Store,Pets
Toy Store,Toy Store,Toy Store,Toy Store,Toy Store,Toy Store,Toy Store,Toy Store,Toy Store,Toy Store,Toy Store,Toy Store,Toy Store,Toy Store,Toy Store,Toy Store,Toy Store,Toy Store,Toy Store,Toy Store
Toy Store,Clothes and Shoes,Clothes and Shoes,Toy Store,Clothes and Shoes,Toy Store,Clothes and Shoes,Toy Store,Toy Store,Clothes and Shoes,Clothes and Shoes,Clothes and Shoes,Clothes and Shoes,Clothes and Shoes,Clothes and Shoes,Clothes and Shoes,Clothes and Shoes,Clothes and Shoes,Clothes and Shoes,Clothes and Shoes
Toy Store,Toy Store,Toy Store,Toy Store,Toy Store,Toy Store,Toy Store,Toy Store,Toy Store,Toy Store,Toy Store,Toy Store,Toy Store,Toy Store,Toy Store,Toy Store,Toy Store,Toy Store,Toy Store,Toy Store
Clothes and Shoes,Clothes and Shoes,Clothes and Shoes,Clothes and Shoes,Clothes and Shoes,Clothes and Shoes,Clothes and Shoes,Clothes and Shoes,Clothes and Shoes,Clothes and Shoes,Clothes and Shoes,Clothes and Shoes,Clothes and Shoes,Clothes and Shoes,Clothes and Shoes,Clothes and Shoes,Clothes and Shoes,Clothes and Shoes,Clothes and Shoes,Sports
Clothes and Shoes,Clothes and Shoes,Clothes and Shoes,Clothes and Shoes,Clothes and Shoes,Clothes and Shoes,Clothes and Shoes,Clothes and Shoes,Clothes and Shoes,Clothes and Shoes,Clothes and Shoes,Clothes and Shoes,Clothes and Shoes,Clothes and Shoes,Clothes and Shoes,Clothes and Shoes,Toy Store,Clothes and Shoes,Clothes and Shoes,Beauty
School,Toy Store,Food and Drinks,Toy Store,Toy Store,Toy Store,Food and Drinks,Food and Drinks,Toy Store,School,Toy Store,Toy Store,Food and Drinks,Toy Store,Toy Store,Food and Drinks,Toy Store,Toy Store,Toy Store,Food and Drinks
Clothes and Shoes,Clothes and Shoes,Clothes and Shoes,Bedroom,Bedroom,Home,Home,Clothes and Shoes,Home,Home,Home,Home,Home,Home,Home,Home,Bedroom,Bedroom,Bedroom,Home
Home,Home,Home,Home,Home,Home,Home,Home,Home,Home,Home,Beauty,Beauty,Home,Beauty,Beauty,Pets,Pets,Pets,Beauty
Food and Drinks,Toy Store,Toy Store,Toy Store,Toy Store,Toy Store,Toy Store,Toy Store,Toy Store,Babies,Babies,Toy Store,Toy Store,Toy Store,Toy Store,Toy Store,Food and Drinks,Toy Store,Toy Store,Toy Store
Toy Store,Toy Store,Toy Store,Toy Store,Toy Store,Toy Store,Toy Store,Toy Store,Toy Store,Toy Store,Toy Store,Toy Store,Toy Store,Toy Store,Toy Store,Toy Store,Toy Store,Toy Store,Toy Store,Toy Store
Toy Store,Toy Store,Toy Store,Toy Store,Toy Store,Toy Store,Toy Store,Toy Store,Videogames and Consoles,Toy Store,Toy Store,Toy Store,Pets,Toy Store,Toy Store,Sports,Pets,School,Toy Store,Toy Store
Toy Store,Sports,Sports,Toy Store,Toy Store,Videogames and Consoles,Pets,Toy Store,Toy Store,Toy Store,Pets,Videogames and Consoles,Toy Store,Toy Store,Toy Store,Pets,Toy Store,Toy Store,Toy Store,Toy Store
Home,Home,Home,Home,Home,Home,Home,Home,Home,Home,Home,Home,Home,Home,Home,Beauty,Home,Home,Home,Home
Home,Home,Home Appliances,Home,Home,Home,Home,Home,Home Appliances,Home,Home,Home Appliances,Sports,Home,Home,Home,Home Appliances,Sports,Videogames and Consoles,Videogames and Consoles
Clothes and Shoes,Clothes and Shoes,Clothes and Shoes,Clothes and Shoes,Clothes and Shoes,Clothes and Shoes,Clothes and Shoes,Clothes and Shoes,Clothes and Shoes,Clothes and Shoes,Clothes and Shoes,Clothes and Shoes,Clothes and Shoes,Clothes and Shoes,Clothes and Shoes,Clothes and Shoes,Clothes and Shoes,Clothes and Shoes,Clothes and Shoes,Clothes and Shoes
Toy Store,Toy Store,Toy Store,Toy Store,Toy Store,Toy Store,Toy Store,Toy Store,School,Toy Store,Toy Store,Sports,Toy Store,Videogames and Consoles,Toy Store,Toy Store,Toy Store,Pets,Toy Store,Toy Store
Toy Store,Toy Store,Toy Store,Toy Store,Toy Store,Toy Store,Toy Store,Toy Store,Toy Store,Toy Store,Toy Store,Toy Store,Toy Store,Toy Store,Toy Store,Toy Store,Toy Store,Toy Store,Toy Store,Toy Store
Toy Store,Toy Store,Toy Store,Toy Store,Toy Store,Toy Store,Toy Store,Toy Store,Toy Store,Toy Store,Toy Store,Toy Store,Toy Store,Toy Store,Toy Store,Clothes and Shoes,Toy Store,Toy Store,Toy Store,Toy Store
Pets,Babies,Pets,Home,Pets,Pets,Babies,Pets,Babies,Home,Babies,Babies,Pets,Babies,Babies,Pets,Babies,Babies,Babies,Pets
Toy Store,Toy Store,Toy Store,Toy Store,Toy Store,Toy Store,Toy Store,Toy Store,Toy Store,Toy Store,Toy Store,Toy Store,Toy Store,Toy Store,Toy Store,Toy Store,Toy Store,Toy Store,Toy Store,Toy Store
Clothes and Shoes,Clothes and Shoes,Clothes and Shoes,Clothes and Shoes,Clothes and Shoes,Clothes and Shoes,Clothes and Shoes,Clothes and Shoes,Clothes and Shoes,Clothes and Shoes,Clothes and Shoes,Clothes and Shoes,Clothes and Shoes,Clothes and Shoes,Clothes and Shoes,Clothes and Shoes,Clothes and Shoes,Clothes and Shoes,Clothes and Shoes,Clothes and Shoes
Clothes and Shoes,Clothes and Shoes,Clothes and Shoes,Clothes and Shoes,Clothes and Shoes,Clothes and Shoes,Clothes and Shoes,Clothes and Shoes,Clothes and Shoes,Pets,Clothes and Shoes,Clothes and Shoes,Clothes and Shoes,Clothes and Shoes,Clothes and Shoes,Clothes and Shoes,Clothes and Shoes,Clothes and Shoes,Clothes and Shoes,Clothes and Shoes
Clothes and Shoes,Clothes and Shoes,Clothes and Shoes,Clothes and Shoes,Clothes and Shoes,Clothes and Shoes,Clothes and Shoes,Clothes and Shoes,Clothes and Shoes,Clothes and Shoes,Clothes and Shoes,Clothes and Shoes,Clothes and Shoes,Clothes and Shoes,Clothes and Shoes,Clothes and Shoes,Clothes and Shoes,Clothes and Shoes,Clothes and Shoes,Clothes and Shoes
School,Toy Store,Food and Drinks,Home,Toy Store,Toy Store,Food and Drinks,Pets,Food and Drinks,Toy Store,School,Toy Store,Pets,Food and Drinks,Toy Store,Pets,Toy Store,Pets,School,Pets
Toy Store,Toy Store,Toy Store,Toy Store,Toy Store,Toy Store,Toy Store,Toy Store,Toy Store,Toy Store,Toy Store,Toy Store,Toy Store,Toy Store,Toy Store,Toy Store,Toy Store,Toy Store,Toy Store,School
Toy Store,Toy Store,Toy Store,Toy Store,Toy Store,Toy Store,Videogames and Consoles,Toy Store,Toy Store,Toy Store,Toy Store,Toy Store,Toy Store,Toy Store,Toy Store,Toy Store,Toy Store,Toy Store,Videogames and Consoles,Toy Store
Toy Store,Toy Store,Toy Store,Toy Store,Videogames and Consoles,Toy Store,Toy Store,Videogames and Consoles,Toy Store,Toy Store,Toy Store,Toy Store,Toy Store,Toy Store,Toy Store,Toy Store,Toy Store,Toy Store,Toy Store,Toy Store
Clothes and Shoes,Clothes and Shoes,Clothes and Shoes,Clothes and Shoes,Clothes and Shoes,Clothes and Shoes,Clothes and Shoes,Clothes and Shoes,Clothes and Shoes,Clothes and Shoes,Clothes and Shoes,Clothes and Shoes,Clothes and Shoes,Clothes and Shoes,Clothes and Shoes,Clothes and Shoes,Clothes and Shoes,Clothes and Shoes,Clothes and Shoes,Clothes and Shoes
Toy Store,Toy Store,Toy Store,Toy Store,Toy Store,Toy Store,Toy Store,Toy Store,Toy Store,Toy Store,Toy Store,Toy Store,Toy Store,Toy Store,Toy Store,Toy Store,Toy Store,Toy Store,Toy Store,Toy Store
Home,Home,Home,Home,Home,Home,Home,Home,Home,Home,Home,Home,Home,Home,Home,Beauty,Home,Home,Home,Home Appliances
Home,Home,Home,Home,Home,Home,Home,Home,Home,Home,Home,Home,Home,Home,Home,Home,Home,Home,Beauty,Home
Clothes and Shoes,Clothes and Shoes,Clothes and Shoes,Clothes and Shoes,Clothes and Shoes,Home,Home,Home,Home,Home,Home,Home,Home,Home,Home,Home,Home,Home,Sports,Home
Sports,Sports,Bedroom,Bedroom,Home,Clothes and Shoes,Clothes and Shoes,Clothes and Shoes,Home,Bedroom,Bedroom,Bedroom,Home,Home,Bedroom,Bedroom,Clothes and Shoes,Clothes and Shoes,Clothes and Shoes,Home
Babies,Babies,Babies,Clothes and Shoes,Babies,Babies,Babies,Babies,Babies,Babies,Babies,Babies,Babies,Babies,Babies,Babies,Babies,Babies,Babies,Babies
Toy Store,Toy Store,Toy Store,Toy Store,Toy Store,Toy Store,Toy Store,Toy Store,Toy Store,Toy Store,Toy Store,Toy Store,Toy Store,Toy Store,Toy Store,Toy Store,Toy Store,Toy Store,Toy Store,Toy Store
Toy Store,Toy Store,Pets,Toy Store,Toy Store,School,Toy Store,Pets,Food and Drinks,Videogames and Consoles,Toy Store,Pets,Toy Store,Sports,Home,Pets,Toy Store,Toy Store,Sports,Toy Store
Home,Home,Home,Home,Home,Home,Home,Home,Home,Home,Beauty,Home,Home,Home,Home,Home,Home,Home,Home,Home
Toy Store,Toy Store,Toy Store,Toy Store,Toy Store,Toy Store,Toy Store,Toy Store,Videogames and Consoles,Toy Store,Toy Store,Toy Store,Videogames and Consoles,Toy Store,Toy Store,Toy Store,Toy Store,Toy Store,Toy Store,Toy Store
Toy Store,Toy Store,Toy Store,Toy Store,Toy Store,Toy Store,Videogames and Consoles,Videogames and Consoles,Toy Store,Toy Store,Toy Store,Toy Store,Toy Store,Toy Store,Toy Store,Toy Store,Toy Store,Toy Store,Toy Store,Toy Store
Sports,Babies,Beauty,Beauty,Beauty,Home,Babies,Home,Home,Home,Clothes and Shoes,Clothes and Shoes,Babies,Beauty,Sports,Sports,Sports,Home,School,Babies
Toy Store,Toy Store,Toy Store,Toy Store,Toy Store,Toy Store,Toy Store,Toy Store,Toy Store,Toy Store,Toy Store,Toy Store,Toy Store,Toy Store,Toy Store,Toy Store,Toy Store,Toy Store,Toy Store,Toy Store
Pets,Pets,Pets,Pets,Pets,Pets,Pets,Pets,Pets,Pets,Pets,Videogames and Consoles,Technology,Videogames and Consoles,Videogames and Consoles,Pets,Pets,Pets,Pets,Pets
Toy Store,Toy Store,Toy Store,Toy Store,Toy Store,Toy Store,Toy Store,Toy Store,Toy Store,Toy Store,Toy Store,Toy Store,Toy Store,Toy Store,Toy Store,Toy Store,Toy Store,Toy Store,Toy Store,Toy Store
Toy Store,Toy Store,Videogames and Consoles,Toy Store,Toy Store,Toy Store,Toy Store,Toy Store,Toy Store,Toy Store,Toy Store,Toy Store,Toy Store,Sports,Videogames and Consoles,Toy Store,School,Videogames and Consoles,Toy Store,Toy Store
Pets,Pets,Pets,Clothes and Shoes,Clothes and Shoes,Pets,Pets,Pets,Pets,Pets,Pets,Clothes and Shoes,Home,Clothes and Shoes,Clothes and Shoes,Clothes and Shoes,Clothes and Shoes,Babies,Pets,Clothes and Shoes
Toy Store,Toy Store,Clothes and Shoes,Toy Store,Toy Store,Toy Store,Toy Store,Toy Store,Toy Store,Toy Store,Toy Store,Clothes and Shoes,Toy Store,Toy Store,Toy Store,Toy Store,Clothes and Shoes,Toy Store,Toy Store,Clothes and Shoes
Toy Store,Toy Store,Sports,Toy Store,Toy Store,Toy Store,Toy Store,School,Pets,Toy Store,School,Toy Store,Food and Drinks,Toy Store,Toy Store,Pets,Toy Store,Toy Store,Food and Drinks,Toy Store
Home,Home,Home,Home,Home,Home,Home,Bedroom,Bedroom,Home,Home,Bedroom,Bedroom,Home,Home,Home,Home,Home,Bedroom,Bedroom
Toy Store,Toy Store,Toy Store,Toy Store,Toy Store,Toy Store,Toy Store,Toy Store,Toy Store,Toy Store,Toy Store,Toy Store,Toy Store,Toy Store,Toy Store,Toy Store,Toy Store,Toy Store,Toy Store,Toy Store
Clothes and Shoes,Clothes and Shoes,Clothes and Shoes,Clothes and Shoes,Clothes and Shoes,Clothes and Shoes,Clothes and Shoes,Clothes and Shoes,Clothes and Shoes,Clothes and Shoes,Clothes and Shoes,Clothes and Shoes,Clothes and Shoes,Clothes and Shoes,Clothes and Shoes,Clothes and Shoes,Clothes and Shoes,Clothes and Shoes,Clothes and Shoes,Clothes and Shoes
Clothes and Shoes,Clothes and Shoes,Clothes and Shoes,Clothes and Shoes,Clothes and Shoes,Clothes and Shoes,Clothes and Shoes,Clothes and Shoes,Clothes and Shoes,Clothes and Shoes,Clothes and Shoes,Toy Store,Clothes and Shoes,Clothes and Shoes,Clothes and Shoes,Clothes and Shoes,Clothes and Shoes,Clothes and Shoes,Clothes and Shoes,Clothes and Shoes
Toy Store,Toy Store,Toy Store,School,Toy Store,Toy Store,Toy Store,Toy Store,Toy Store,Toy Store,Toy Store,Pets,Toy Store,Toy Store,Toy Store,Toy Store,Toy Store,Toy Store,Toy Store,School
Clothes and Shoes,Clothes and Shoes,Clothes and Shoes,Clothes and Shoes,Clothes and Shoes,Clothes and Shoes,Clothes and Shoes,Clothes and Shoes,Clothes and Shoes,Clothes and Shoes,Clothes and Shoes,Sports,Clothes and Shoes,Babies,Babies,Clothes and Shoes,Clothes and Shoes,Clothes and Shoes,Home,Clothes and Shoes
Toy Store,Toy Store,Toy Store,Toy Store,Toy Store,Toy Store,Toy Store,Toy Store,Toy Store,Toy Store,Toy Store,Toy Store,Toy Store,Toy Store,Toy Store,Toy Store,Toy Store,Toy Store,Toy Store,Toy Store
Babies,Home,Babies,Babies,Babies,Babies,Babies,Babies,Babies,Babies,Babies,Babies,Babies,Clothes and Shoes,Clothes and Shoes,Clothes and Shoes,Clothes and Shoes,Babies,Clothes and Shoes,Babies
Toy Store,Clothes and Shoes,Clothes and Shoes,Clothes and Shoes,Clothes and Shoes,Clothes and Shoes,Clothes and Shoes,Clothes and Shoes,Clothes and Shoes,Clothes and Shoes,Clothes and Shoes,Clothes and Shoes,Clothes and Shoes,Toy Store,Clothes and Shoes,Clothes and Shoes,Clothes and Shoes,Clothes and Shoes,Clothes and Shoes,Clothes and Shoes
Toy Store,Toy Store,Toy Store,Toy Store,Toy Store,Toy Store,Toy Store,Toy Store,Toy Store,Toy Store,Toy Store,Toy Store,Toy Store,Toy Store,Toy Store,Toy Store,Toy Store,Toy Store,Toy Store,Toy Store
Toy Store,Toy Store,Toy Store,Toy Store,Toy Store,Toy Store,Toy Store,Toy Store,Toy Store,Toy Store,Toy Store,Toy Store,Toy Store,Toy Store,Toy Store,Toy Store,Toy Store,Toy Store,Toy Store,Toy Store
Toy Store,Food and Drinks,Food and Drinks,School,Toy Store,Toy Store,Pets,Home,Food and Drinks,Pets,Food and Drinks,Home,Pets,Food and Drinks,Toy Store,Toy Store,Toy Store,School,Home,Toy Store
Home,Home,Home,Home,Home,Home,Home,Home,Home,Home,Home,Home,Home,Home,Home,Home,Home,Home,Home,Home
School,Toy Store,Home,Food and Drinks,Home,Home Appliances,Food and Drinks,Home,School,School,Food and Drinks,Toy Store,Toy Store,Babies,Home,Toy Store,Food and Drinks,School,Home,Home
Toy Store,Toy Store,Toy Store,Toy Store,Toy Store,Toy Store,Toy Store,Toy Store,Toy Store,Toy Store,Toy Store,Toy Store,Toy Store,Toy Store,Toy Store,Toy Store,Toy Store,Toy Store,Toy Store,Toy Store
Toy Store,Pets,Toy Store,Toy Store,Food and Drinks,School,Pets,Pets,Home,Food and Drinks,Food and Drinks,Toy Store,Toy Store,Pets,Food and Drinks,Pets,Home,Home,Videogames and Consoles,Toy Store
Toy Store,Toy Store,Videogames and Consoles,Toy Store,Toy Store,Toy Store,Toy Store,School,Videogames and Consoles,Toy Store,Toy Store,Toy Store,Toy Store,Videogames and Consoles,Toy Store,Toy Store,Toy Store,Toy Store,Toy Store,Toy Store
Clothes and Shoes,Clothes and Shoes,Clothes and Shoes,Clothes and Shoes,Clothes and Shoes,Clothes and Shoes,Clothes and Shoes,Clothes and Shoes,Clothes and Shoes,Clothes and Shoes,Clothes and Shoes,Clothes and Shoes,Clothes and Shoes,Clothes and Shoes,Clothes and Shoes,Sports,Babies,Babies,Clothes and Shoes,Clothes and Shoes
Toy Store,Toy Store,Toy Store,Toy Store,Videogames and Consoles,Toy Store,Toy Store,Toy Store,Toy Store,Toy Store,Toy Store,Toy Store,Videogames and Consoles,Toy Store,Toy Store,Toy Store,Toy Store,Toy Store,Videogames and Consoles,Toy Store
Toy Store,Toy Store,Toy Store,Toy Store,Toy Store,Toy Store,Toy Store,Toy Store,Toy Store,Toy Store,Toy Store,Toy Store,Toy Store,Toy Store,Toy Store,Toy Store,Toy Store,Toy Store,Toy Store,Toy Store
Toy Store,Videogames and Consoles,Toy Store,Toy Store,Toy Store,Toy Store,Toy Store,Toy Store,Toy Store,Toy Store,School,Toy Store,Toy Store,Videogames and Consoles,Toy Store,Toy Store,Toy Store,Toy Store,Toy Store,Toy Store
Toy Store,Toy Store,Toy Store,Toy Store,Toy Store,Toy Store,Toy Store,Toy Store,Toy Store,Toy Store,Videogames and Consoles,Toy Store,Toy Store,Toy Store,Toy Store,Toy Store,Toy Store,Toy Store,Toy Store,Toy Store
Toy Store,Toy Store,Toy Store,Toy Store,Toy Store,Toy Store,Toy Store,Toy Store,Toy Store,Toy Store,Toy Store,Toy Store,Toy Store,Toy Store,Toy Store,Toy Store,Toy Store,Toy Store,Toy Store,Toy Store
Toy Store,Toy Store,Toy Store,Toy Store,Toy Store,Toy Store,Toy Store,Toy Store,Toy Store,Toy Store,Toy Store,Toy Store,Toy Store,Videogames and Consoles,Toy Store,Toy Store,Toy Store,Toy Store,Toy Store,Toy Store
Clothes and Shoes,Clothes and Shoes,Sports,Sports,School,Clothes and Shoes,Clothes and Shoes,Babies,Sports,Clothes and Shoes,Clothes and Shoes,Clothes and Shoes,Beauty,Pets,Pets,Beauty,Beauty,Babies,Clothes and Shoes,Beauty
Toy Store,Babies,Technology,Food and Drinks,Food and Drinks,Videogames and Consoles,Sports,Babies,Babies,Technology,Babies,Babies,Pets,Pets,Food and Drinks,Videogames and Consoles,Home,Home,Sports,Pets
Sports,Sports,School,Babies,Babies,Babies,Babies,Pets,Babies,Babies,Babies,Babies,Home,Babies,Toy Store,Toy Store,Home,Babies,Toy Store,Babies
Toy Store,Toy Store,Toy Store,Toy Store,Toy Store,Toy Store,Toy Store,Toy Store,Toy Store,Toy Store,Toy Store,Toy Store,Toy Store,Toy Store,Toy Store,Toy Store,Toy Store,Toy Store,Toy Store,Toy Store
Toy Store,Toy Store,Toy Store,Toy Store,Toy Store,Toy Store,Toy Store,Toy Store,Toy Store,Toy Store,Toy Store,Toy Store,Toy Store,Toy Store,Toy Store,Toy Store,Toy Store,Toy Store,Toy Store,Toy Store
Clothes and Shoes,Clothes and Shoes,Clothes and Shoes,Clothes and Shoes,Clothes and Shoes,Clothes and Shoes,Clothes and Shoes,Clothes and Shoes,Clothes and Shoes,Clothes and Shoes,Clothes and Shoes,Clothes and Shoes,Clothes and Shoes,Clothes and Shoes,Clothes and Shoes,Clothes and Shoes,Clothes and Shoes,Clothes and Shoes,Clothes and Shoes,Clothes and Shoes
Pets,Pets,Pets,Pets,Furniture,Home,Pets,Pets,Pets,Home,Home,Home,Pets,Furniture,Furniture,Sports,Home,Home,Home,Pets
Toy Store,Toy Store,Toy Store,School,Toy Store,Toy Store,Toy Store,Toy Store,Toy Store,Sports,Toy Store,School,Toy Store,Toy Store,Pets,Toy Store,Toy Store,Toy Store,Toy Store,Toy Store
Home,Home,Home,Home,Home,Home,Home,Home,Home,Home,Home,Home,Home,Beauty,Home,Home,Home,Home,Home,Home
Clothes and Shoes,Clothes and Shoes,Clothes and Shoes,Clothes and Shoes,Clothes and Shoes,Clothes and Shoes,Clothes and Shoes,Clothes and Shoes,Clothes and Shoes,Clothes and Shoes,Clothes and Shoes,Clothes and Shoes,Clothes and Shoes,Clothes and Shoes,Clothes and Shoes,Clothes and Shoes,Clothes and Shoes,Clothes and Shoes,Clothes and Shoes,Clothes and Shoes
Home,Home,Home,Home,Home,Home,Home,Home,Home,Home,Home,Home,Beauty,Home,Home,Home,Home,Home,Home,Home
Clothes and Shoes,Clothes and Shoes,Clothes and Shoes,Clothes and Shoes,Clothes and Shoes,Clothes and Shoes,Clothes and Shoes,Clothes and Shoes,Clothes and Shoes,Clothes and Shoes,Clothes and Shoes,Clothes and Shoes,Clothes and Shoes,Clothes and Shoes,Clothes and Shoes,Clothes and Shoes,Clothes and Shoes,Clothes and Shoes,Clothes and Shoes,Clothes and Shoes
Home,Home,Home,Home,Home,Home,Home,Home,Home,Home,Home,Home,Home,Home,Home,Home,Beauty,Home,Home,Home Appliances
Home,Home,Home,Babies,Babies,Pets,Toy Store,Pets,Babies,Babies,Babies,Pets,Pets,Pets,Pets,Babies,Babies,Toy Store,Babies,Babies
Toy Store,Clothes and Shoes,Toy Store,Toy Store,Toy Store,Clothes and Shoes,Toy Store,Clothes and Shoes,Clothes and Shoes,Clothes and Shoes,Toy Store,Clothes and Shoes,Clothes and Shoes,Clothes and Shoes,Toy Store,Clothes and Shoes,Toy Store,Toy Store,Clothes and Shoes,Clothes and Shoes
School,Food and Drinks,School,Toy Store,Toy Store,Toy Store,Toy Store,Toy Store,Toy Store,Toy Store,Pets,Food and Drinks,Toy Store,Toy Store,Toy Store,Toy Store,Food and Drinks,Food and Drinks,Toy Store,Home
