Dulces,Frutas Deshidratadas,Cuidado facial,Cuidado facial,Frutas Deshidratadas,Exprimidores y extractores,Uñas,Aceites y Vinagres,Pasabocas,Dulces,Uñas,Uñas,Uñas,Uñas,Uñas,Uñas,Uñas,Uñas,Te e infusores,Cocina
Cocina,Te e infusores,Rostro,Rostro,Cocina,Cuidado facial,Ojos,Ojos,Ojos,Cocina,Cocina,Cocina,Cuidado facial,Rostro,Rostro,nan,nan,nan,Cuidado facial,Rostro
nan,nan,nan,nan,nan,nan,nan,nan,nan,Camisetas,nan,Toallas,nan,nan,nan,nan,nan,nan,nan,nan
Figuras,Rompecabezas,nan,juegos de mesa,libros Infantiles,libros Infantiles,Juegos de bebe,Aviones trenes y barcos,Rompecabezas,Carros,libros Infantiles,libros Infantiles,Figuras,Bloques,Pistas,Bloques,libros Infantiles,libros Infantiles,Aviones trenes y barcos,Figuras
juegos de mesa,juegos de mesa,Ensenanza,Cocina,Infantil,nan,Familiar,Didacticos,Bebes,Juguetes Para Gatos,Infantil,Bloques,Rompecabezas,nan,arte y manualidades,Didacticos,Scooters,aire libre,Juguetes Para Gatos,Pasabocas
Pijamas,Vestidos y faldas,Camisetas,Vestidos y faldas,Camisetas,Camisetas,Camisetas,Camisetas,Pijamas,Vestidos y faldas,Conjuntos,Conjuntos,Conjuntos,Pantalones,Camisetas,Camisetas,Bodies,Camisetas,Camisetas,Camisetas
Cocina,Cocina,Cocina,Cocina,Cocina,Cocina,Cocina,Cocina,Cocina,Cocina,Cocina,Cocina,Cocina,Planchas para el cabello,Cocina,Cocina,Cocina,Te e infusores,Cocina,Cocina
Bebes,Camisas,Bebes,Camisetas,Camisetas,libros Infantiles,libros Infantiles,Camisetas,Bebes,Camisetas,Camisetas,Pantalones,Camisetas,Camisetas,Camisetas,Buzos,Camisetas,Chaquetas,Camisetas,Camisetas
Camisetas,nan,nan,nan,nan,Conjuntos,Vestidos y faldas,Camisetas,Pantalones,Camisas,Bodies,Bodies,Bodies,Camisas,Vestidos y faldas,Chaquetas,Vestidos y faldas,Vestidos y faldas,nan,Pantalones
Vestidos y faldas,Vestidos y faldas,Pijamas,Pijamas,Bodies,Conjuntos,Camisetas,Vestidos y faldas,Vestidos y faldas,Camisetas,Pijamas,Camisas,Bodies,Camisetas,Bodies,Pantalones,Pijamas,Bodies,Bodies,Bodies
Camisetas,nan,nan,nan,nan,nan,nan,nan,nan,nan,nan,Ropa interior,nan,Conjuntos,Toallas,nan,nan,nan,nan,Bermudas
Vestidos y faldas,Pijamas,Vestidos y faldas,Pijamas,Vestidos y faldas,Camisetas,Bodies,Vestidos y faldas,Conjuntos,Camisetas,Camisetas,Pijamas,Bodies,Camisas,Bodies,Camisetas,Pantalones,Bodies,Pijamas,Bodies
nan,nan,nan,nan,nan,nan,Sencillo,King,nan,Protectores y Fundas,nan,nan,nan,nan,Toallas,Camisetas,Queen,Doble,nan,nan
Bebes,Camisas,Camisetas,Pijamas,Camisetas,Camisetas,Camisetas,Bebes,Camisetas,libros Infantiles,Camisetas,Buzos,Pantalones,Camisetas,libros Infantiles,Vestidos y faldas,Camisetas,Camisetas,Chaquetas,Camisetas
nan,Camisetas,nan,nan,nan,nan,nan,nan,nan,nan,nan,nan,nan,Ropa interior,nan,Bermudas,Ropa interior,nan,nan,Toallas
Exprimidores y extractores,Cocina,Cocina,Cocina,Mesa,Dulces,Cocina,Cocina,Cocina,Cocina,Cocina,Cocina,Cocina,Cocina,Cocina,Cocina,Cocina,Cocina,Cocina,Aceites y Vinagres
Infantil,juegos de mesa,juegos de mesa,juegos de mesa,Rompecabezas,Rompecabezas,juegos de mesa,Ensenanza,Sets y accesorios,Infantil,juegos de mesa,Familiar,arte y manualidades,Figuras,Ensenanza,Rompecabezas,juegos de mesa,juegos de mesa,nan,juegos de mesa
juegos de mesa,Ensenanza,juegos de mesa,Didacticos,Pasabocas,juegos de mesa,nan,Cocina,Bebes,Infantil,Bloques,Ensenanza,Familiar,nan,Scooters,Rompecabezas,Rompecabezas,triciclos y tres ruedas,triciclos y tres ruedas,nan
Cocina,Cocina,Protectores y Fundas,Semidoble,King,King,Sencillo,Cocina,Cocina,Cocina,Planchas,Sencillo,King,Cocina,Semidoble,King,Doble,Queen,Planchas,Accesorios de Bano
Bebes,libros Infantiles,libros Infantiles,Aviones trenes y barcos,Bebes,Figuras,Figuras,Figuras Series TV,personajes,Juegos de bebe,libros Infantiles,Figuras,Rompecabezas,Bebes,Figuras,Camisas,Figuras Series TV,Figuras Series TV,nan,Mini munecas
King,Sencillo,Protectores y Fundas,nan,nan,Doble,Queen,Queen,Sencillo,Doble,Edredones y Cubrelechos,Protectores y Fundas,Protectores y Fundas,Protectores y Fundas,Toallas,Toallas,Toallas,Toallas,Toallas,King
Figuras,Rompecabezas,Aviones trenes y barcos,libros Infantiles,Juegos de bebe,juegos de mesa,libros Infantiles,nan,libros Infantiles,libros Infantiles,Figuras,Bloques,Carros,Carros,Figuras Series TV,Figuras Series TV,Figuras,personajes,Figuras,nan
Infantil,Cocina,nan,Ensenanza,nan,Sets y accesorios,triciclos y tres ruedas,triciclos y tres ruedas,Accesorios,Didacticos,aire libre,arte y manualidades,Bloques,juegos de mesa,Cocina,Familiar,nan,aire libre,Supermercado,arte y manualidades
Figuras,Rompecabezas,libros Infantiles,Juegos de bebe,Aviones trenes y barcos,libros Infantiles,libros Infantiles,libros Infantiles,juegos de mesa,Figuras,nan,Bloques,Figuras Series TV,Figuras Series TV,Carros,nan,Figuras,Figuras,personajes,Carros
Infantil,nan,Rompecabezas,Rompecabezas,juegos de mesa,Carros,Carros,juegos de mesa,Sets y accesorios,Aviones trenes y barcos,Figuras,libros Infantiles,juegos de mesa,Ensenanza,Figuras,Figuras,Pistas,Bloques,libros Infantiles,Figuras
nan,Rompecabezas,Infantil,juegos de mesa,libros Infantiles,Carros,Figuras,Rompecabezas,Figuras,Sets y accesorios,Aviones trenes y barcos,Rompecabezas,juegos de mesa,Carros,Figuras,Bloques,libros Infantiles,Pistas,juegos de mesa,Figuras
Licuadoras,Cocina,Exprimidores y extractores,Cocina,Cocina,Teteros y chupos,Snacks,Exprimidores y extractores,Dulces,Cocina,Preparacion de alimentos,Preparacion de alimentos,Cocina,nan,Dulces,Licuadoras,Licuadoras,Pasabocas,Cocina,Asadores a Gas
Figuras,Rompecabezas,Juegos de bebe,Aviones trenes y barcos,libros Infantiles,Figuras,libros Infantiles,Figuras Series TV,Figuras Series TV,libros Infantiles,libros Infantiles,Bloques,juegos de mesa,personajes,nan,Mini munecas,libros Infantiles,nan,Carros,Figuras
Figuras,libros Infantiles,Juegos de bebe,Aviones trenes y barcos,Rompecabezas,Figuras,personajes,libros Infantiles,libros Infantiles,Figuras Series TV,libros Infantiles,Carros,libros Infantiles,juegos de mesa,Bebes,Bloques,nan,Figuras Series TV,Figuras,Figuras
nan,juegos de mesa,Figuras,Rompecabezas,libros Infantiles,Carros,Rompecabezas,Figuras,Aviones trenes y barcos,Pistas,Bloques,Sets y accesorios,Figuras,juegos de mesa,libros Infantiles,libros Infantiles,juegos de mesa,Bloques,libros Infantiles,Bloques
Bebes,Figuras,Aviones trenes y barcos,libros Infantiles,libros Infantiles,Juegos de bebe,personajes,libros Infantiles,Figuras,Rompecabezas,Figuras,Bebes,Figuras Series TV,Figuras,Carros,Super Heroes,Figuras,libros Infantiles,libros Infantiles,Figuras Series TV
Figuras,Aviones trenes y barcos,Rompecabezas,libros Infantiles,Juegos de bebe,juegos de mesa,Figuras,libros Infantiles,Figuras,Carros,Bebes,libros Infantiles,libros Infantiles,personajes,Bloques,Figuras Series TV,nan,Figuras,libros Infantiles,Figuras Series TV
Pijamas,Camisetas,Camisetas,Camisas,Vestidos y faldas,Vestidos y faldas,Bebes,Camisetas,Conjuntos,Pantalones,Camisetas,Vestidos y faldas,Camisetas,Camisetas,Camisetas,Conjuntos,Cuidado de tu salud,Conjuntos,Buzos,Conjuntos
Vestidos y faldas,Pijamas,Conjuntos,Vestidos y faldas,Bodies,Vestidos y faldas,Camisetas,Camisas,Vestidos y faldas,Vestidos y faldas,Pijamas,Pijamas,Pijamas,Bodies,Camisas,Bodies,Bodies,Bodies,Camisetas,Pijamas
juegos de mesa,Ensenanza,juegos de mesa,Infantil,nan,nan,Didacticos,juegos de mesa,Pasabocas,Cocina,Bloques,Bebes,Infantil,Familiar,arte y manualidades,Rompecabezas,nan,Rompecabezas,Videojuegos,juegos de mesa
Figuras,Rompecabezas,Juegos de bebe,libros Infantiles,libros Infantiles,Aviones trenes y barcos,juegos de mesa,nan,libros Infantiles,libros Infantiles,Figuras Series TV,Bloques,Figuras,Figuras Series TV,Carros,Figuras,libros Infantiles,Rompecabezas,Carros,Mini munecas
Figuras,Rompecabezas,libros Infantiles,libros Infantiles,Juegos de bebe,nan,juegos de mesa,libros Infantiles,libros Infantiles,Aviones trenes y barcos,Bloques,Figuras,Rompecabezas,libros Infantiles,libros Infantiles,Figuras Series TV,Figuras,Carros,Didacticos,Bloques
Pijamas,Vestidos y faldas,Vestidos y faldas,Camisetas,Camisetas,Conjuntos,Pantalones,Vestidos y faldas,Camisas,Pijamas,Conjuntos,Conjuntos,Camisetas,Camisetas,Camisetas,Camisetas,Bodies,Camisetas,Pijamas,Conjuntos
Pijamas,Vestidos y faldas,Camisetas,Camisetas,Vestidos y faldas,Camisas,Conjuntos,Pantalones,Vestidos y faldas,Camisetas,Pijamas,Conjuntos,Conjuntos,Camisetas,Camisetas,Camisetas,Bodies,Pijamas,Conjuntos,Camisetas
Pijamas,Vestidos y faldas,Vestidos y faldas,Camisetas,Pijamas,Camisetas,Vestidos y faldas,Camisetas,Bodies,Conjuntos,Bodies,Pantalones,Camisetas,Pijamas,Vestidos y faldas,Conjuntos,Bodies,Conjuntos,Pantalones,Camisetas
Infantil,Rompecabezas,nan,Rompecabezas,juegos de mesa,juegos de mesa,Aviones trenes y barcos,Carros,Pistas,Ensenanza,libros Infantiles,Figuras,juegos de mesa,juegos de mesa,Infantil,Videojuegos,Carros,Rompecabezas,Pistas,Figuras
nan,juegos de mesa,libros Infantiles,Figuras,Rompecabezas,Rompecabezas,Carros,Figuras,Bloques,Aviones trenes y barcos,Sets y accesorios,libros Infantiles,libros Infantiles,Juegos de bebe,Pistas,Figuras,libros Infantiles,juegos de mesa,libros Infantiles,Bloques
Figuras,Aviones trenes y barcos,Rompecabezas,Juegos de bebe,libros Infantiles,Figuras,Figuras Series TV,libros Infantiles,Figuras Series TV,personajes,libros Infantiles,libros Infantiles,libros Infantiles,Bebes,Bloques,Figuras,nan,juegos de mesa,Carros,Mini munecas
Bebes,Camisas,libros Infantiles,libros Infantiles,Bebes,Camisetas,Bebes,Camisetas,Camisetas,Camisetas,Camisetas,Camisetas,Chaquetas,Camisetas,Figuras Series TV,libros Infantiles,Buzos,Camisetas,Camisetas,personajes
Pijamas,Vestidos y faldas,Vestidos y faldas,Camisetas,Camisetas,Pijamas,Vestidos y faldas,Conjuntos,Pantalones,Camisetas,Bodies,Bodies,Camisetas,Conjuntos,Conjuntos,Pijamas,Camisetas,Camisetas,Vestidos y faldas,Pijamas
Figuras,libros Infantiles,Juegos de bebe,Aviones trenes y barcos,Rompecabezas,Bebes,Figuras,libros Infantiles,Figuras Series TV,personajes,libros Infantiles,libros Infantiles,Figuras Series TV,Figuras,Figuras,libros Infantiles,libros Infantiles,nan,Mini munecas,juegos de mesa
Figuras,Rompecabezas,juegos de mesa,nan,libros Infantiles,libros Infantiles,Juegos de bebe,libros Infantiles,libros Infantiles,Aviones trenes y barcos,Carros,Figuras,Bloques,Rompecabezas,Pistas,Bloques,libros Infantiles,libros Infantiles,Bloques,Figuras Series TV
Bebes,libros Infantiles,libros Infantiles,Camisas,Figuras,Bebes,Aviones trenes y barcos,libros Infantiles,personajes,Bebes,Juegos de bebe,Camisetas,Figuras,Figuras,Figuras Series TV,Camisetas,Figuras,Rompecabezas,Carros,Camisetas
Camisetas,libros Infantiles,libros Infantiles,libros Infantiles,Camisetas,libros Infantiles,Camisas,Bebes,Camisetas,Camisetas,Camisetas,Camisetas,Camisetas,Camisetas,Camisetas,Bebes,Camisetas,Camisetas,Camisetas,Camisetas
Figuras,nan,juegos de mesa,Carros,Rompecabezas,libros Infantiles,Rompecabezas,Figuras,Bloques,Sets y accesorios,Aviones trenes y barcos,Aviones trenes y barcos,Bloques,Juegos de bebe,Pistas,libros Infantiles,libros Infantiles,Figuras,Carros,libros Infantiles
Bebes,libros Infantiles,libros Infantiles,Camisas,Bebes,Bebes,Aviones trenes y barcos,personajes,Figuras,Figuras Series TV,Camisetas,Figuras,Figuras,Camisetas,Juegos de bebe,Figuras,libros Infantiles,Rompecabezas,Chaquetas,Figuras Series TV
Figuras,Rompecabezas,libros Infantiles,Juegos de bebe,juegos de mesa,libros Infantiles,nan,Aviones trenes y barcos,libros Infantiles,libros Infantiles,Bloques,Figuras,Carros,Figuras,Figuras Series TV,Rompecabezas,Carros,libros Infantiles,libros Infantiles,Figuras Series TV
Bebes,libros Infantiles,Aviones trenes y barcos,libros Infantiles,Figuras,Figuras,Juegos de bebe,libros Infantiles,Figuras Series TV,Bebes,personajes,Figuras,Rompecabezas,Figuras,Figuras Series TV,Figuras Series TV,Bebes,nan,Mini munecas,Carros
Bebes,Figuras,Aviones trenes y barcos,libros Infantiles,Figuras,libros Infantiles,Juegos de bebe,personajes,libros Infantiles,Figuras,Rompecabezas,Bebes,Figuras Series TV,Figuras,Carros,Super Heroes,Figuras,Bebes,Camisas,Figuras Series TV
Camisas,Camisetas,Camisetas,Camisetas,Camisetas,Camisetas,Camisetas,Camisetas,Camisetas,Camisetas,Camisetas,Camisetas,Camisetas,Pantalones,Camisetas,Bebes,Camisetas,Bebes,Camisetas,Camisetas
King,Sencillo,Protectores y Fundas,Doble,Queen,Toallas,Toallas,Toallas,Toallas,Toallas,Sencillo,King,nan,Doble,Queen,Sencillo,Semidoble,King,nan,Doble
Figuras,Aviones trenes y barcos,Rompecabezas,Juegos de bebe,libros Infantiles,Figuras,Figuras Series TV,libros Infantiles,personajes,Bebes,Figuras Series TV,libros Infantiles,libros Infantiles,libros Infantiles,Bloques,juegos de mesa,Figuras,Figuras,Mini munecas,Carros
Licuadoras,Exprimidores y extractores,nan,Cocina,nan,juegos de mesa,Asadores a Gas,Licuadoras,juegos de mesa,Dulces,Dulces,Snacks,Bebes,Cocina,Licuadoras,Preparacion de alimentos,Preparacion de alimentos,Pasabocas,Licuadoras,Licuadoras
Vasos,Cocina,Vasos,Teteros y chupos,Teteros y chupos,Vasos,Teteros y chupos,Teteros y chupos,Teteros y chupos,Vasos,Teteros y chupos,Vasos,Llamadientes y mordederas,Vasos,Llamadientes y mordederas,Termos,Platos y utensilios,Vasos,Platos y utensilios,Teteros y chupos
Bebes,Camisas,libros Infantiles,libros Infantiles,Bebes,Camisetas,Bebes,Camisetas,Camisetas,Camisetas,Camisetas,Figuras Series TV,Camisetas,libros Infantiles,personajes,Camisetas,Chaquetas,Pantalones,Buzos,Pijamas
Pijamas,Camisas,Camisetas,Bebes,Camisetas,Vestidos y faldas,Vestidos y faldas,Camisetas,Camisetas,Conjuntos,Pantalones,Camisetas,Conjuntos,Vestidos y faldas,Buzos,Cuidado de tu salud,Camisetas,Camisetas,Conjuntos,Camisetas
Cocina,Cocina,Cocina,Cocina,Exprimidores y extractores,Cocina,Dulces,Cocina,Cocina,Cocina,Aceites y Vinagres,Cocina,Cocina,Mesa,Cocina,Cocina,Cocina,Bano y cuidado de la piel,Cocina,Cuidado facial
juegos de mesa,Infantil,juegos de mesa,Ensenanza,Rompecabezas,nan,juegos de mesa,Bloques,juegos de mesa,nan,Cocina,arte y manualidades,Videojuegos,nan,Videojuegos,Bebes,Didacticos,juegos de mesa,Supermercado,Cocina
juegos de mesa,juegos de mesa,nan,nan,Ensenanza,Pasabocas,juegos de mesa,Bebes,Rompecabezas,Cocina,Rompecabezas,nan,Infantil,Snacks,Ensenanza,Bloques,Didacticos,Dulces,nan,Cocina
Infantil,juegos de mesa,Rompecabezas,juegos de mesa,Rompecabezas,juegos de mesa,juegos de mesa,nan,Ensenanza,Carros,Infantil,nan,Figuras,juegos de mesa,juegos de mesa,arte y manualidades,Ensenanza,Sets y accesorios,Familiar,Carros
juegos de mesa,juegos de mesa,nan,Infantil,Ensenanza,nan,nan,juegos de mesa,Bebes,Rompecabezas,Pasabocas,Didacticos,Rompecabezas,Bloques,Cocina,Cocina,arte y manualidades,Videojuegos,juegos de mesa,Videojuegos
Pijamas,Camisetas,Camisetas,Vestidos y faldas,Vestidos y faldas,Camisas,Camisetas,Conjuntos,Pantalones,Conjuntos,Conjuntos,Camisetas,Camisetas,Camisetas,Camisetas,Camisetas,Vestidos y faldas,Camisetas,Pijamas,Bodies
Cocina,Cocina,Cocina,Cocina,Cocina,Cocina,Cocina,Cocina,Cocina,Cocina,Cocina,Cocina,Cocina,Cocina,Planchas para el cabello,Cocina,Cocina,Accesorios de Bano,Cocina,Cocina
Figuras,Rompecabezas,Aviones trenes y barcos,nan,Rompecabezas,Juegos de bebe,Carros,Bloques,juegos de mesa,Sets y accesorios,libros Infantiles,libros Infantiles,Bloques,Pistas,Bloques,Figuras,libros Infantiles,libros Infantiles,Carros,Carros
Bebes,Camisas,Pijamas,Camisetas,Camisetas,Camisetas,Camisetas,Bebes,Buzos,Vestidos y faldas,Camisetas,Pantalones,Camisetas,Vestidos y faldas,Camisetas,Cuidado de tu salud,Camisetas,Conjuntos,Camisetas,Camisetas
Pijamas,Camisetas,Camisetas,Camisas,Vestidos y faldas,Vestidos y faldas,Camisetas,Bebes,Camisetas,Camisetas,Pantalones,Camisetas,Camisetas,Conjuntos,Vestidos y faldas,Conjuntos,Cuidado de tu salud,Conjuntos,Camisetas,Conjuntos
juegos de mesa,juegos de mesa,nan,Ensenanza,nan,Bebes,Pasabocas,nan,Cocina,Infantil,Rompecabezas,juegos de mesa,Cocina,Rompecabezas,Bloques,Didacticos,Dulces,Ensenanza,nan,Videojuegos
Bebes,libros Infantiles,Aviones trenes y barcos,libros Infantiles,Figuras Series TV,Figuras,Figuras,Juegos de bebe,libros Infantiles,personajes,Bebes,Figuras,Rompecabezas,Figuras Series TV,Figuras,Figuras Series TV,Mini munecas,nan,Bebes,libros Infantiles
Bebes,Camisas,Camisetas,Bebes,Camisetas,Camisetas,Pijamas,libros Infantiles,libros Infantiles,Camisetas,Camisetas,Buzos,Pantalones,Camisetas,Bebes,Chaquetas,Camisetas,Camisetas,Camisetas,Camisetas
nan,King,Sencillo,Protectores y Fundas,Doble,Queen,nan,Toallas,Toallas,Toallas,Toallas,Toallas,King,Sencillo,nan,nan,nan,Doble,Queen,Sencillo
Infantil,Rompecabezas,nan,Rompecabezas,juegos de mesa,Sets y accesorios,Carros,Carros,Figuras,Figuras,Aviones trenes y barcos,Ensenanza,libros Infantiles,juegos de mesa,juegos de mesa,Bloques,Infantil,libros Infantiles,juegos de mesa,Figuras
Pijamas,Vestidos y faldas,Vestidos y faldas,Camisetas,Camisetas,Pijamas,Vestidos y faldas,Conjuntos,Pantalones,Camisetas,Conjuntos,Conjuntos,Bodies,Camisetas,Camisetas,Camisetas,Bodies,Camisetas,Pijamas,Conjuntos
Cocina,Cocina,Cocina,Cocina,Cocina,Cocina,Cocina,Cocina,Cocina,Cocina,Cocina,Cocina,Cocina,Cocina,Cocina,Exprimidores y extractores,Cocina,Planchas para el cabello,Cocina,Cocina
nan,Cocina,nan,Licuadoras,Pasabocas,Snacks,Exprimidores y extractores,Dulces,Bebes,Licuadoras,juegos de mesa,Asadores a Gas,Licuadoras,nan,Teteros y chupos,juegos de mesa,Dulces,Cocina,Rompecabezas,Preparacion de alimentos
Exprimidores y extractores,Dulces,Cuidado facial,Mesa,Aceites y Vinagres,Uñas,Uñas,Uñas,Uñas,Uñas,Uñas,Uñas,Uñas,Cocina,Cocina,Bano y cuidado de la piel,Cocina,Cocina,Cocina,Cocina
Snacks,libros Infantiles,libros Infantiles,Didacticos,libros Infantiles,Didacticos,Figuras,Moviles,libros Infantiles,libros Infantiles,Figuras,nan,nan,Llamadientes y mordederas,libros Infantiles,libros Infantiles,Bebes,Ensenanza,libros Infantiles,nan
Camisetas,nan,nan,nan,nan,Conjuntos,nan,nan,nan,nan,Ropa interior,nan,Chaquetas,Vestidos y faldas,nan,Pantalones,Camisetas,Camisas,nan,Pantalones
Camisetas,Vestidos y faldas,Conjuntos,Camisetas,nan,nan,Vestidos y faldas,Bodies,Bodies,Bodies,Camisas,nan,Pijamas,Vestidos y faldas,Vestidos y faldas,Conjuntos,nan,Camisas,Camisetas,Pantalones
nan,Camisetas,nan,nan,nan,nan,nan,nan,nan,nan,nan,nan,Toallas,Ropa interior,Conjuntos,nan,nan,nan,nan,nan
libros Infantiles,Juegos de bebe,Figuras,Rompecabezas,Aviones trenes y barcos,libros Infantiles,Figuras,libros Infantiles,libros Infantiles,Figuras Series TV,Figuras Series TV,Bloques,nan,juegos de mesa,personajes,nan,libros Infantiles,Carros,libros Infantiles,Bloques
Figuras,Rompecabezas,libros Infantiles,Juegos de bebe,Aviones trenes y barcos,libros Infantiles,juegos de mesa,libros Infantiles,libros Infantiles,nan,Figuras,Bloques,Figuras Series TV,Figuras Series TV,Carros,Carros,Figuras,personajes,libros Infantiles,nan
Figuras,nan,juegos de mesa,Rompecabezas,libros Infantiles,libros Infantiles,Rompecabezas,Juegos de bebe,libros Infantiles,libros Infantiles,Carros,Figuras,Aviones trenes y barcos,Pistas,libros Infantiles,Bloques,libros Infantiles,Bloques,Figuras,Aviones trenes y barcos
Exprimidores y extractores,Dulces,Cocina,Mesa,Licuadoras,Cocina,Preparacion de alimentos,Preparacion de alimentos,Cocina,Cocina,Aceites y Vinagres,Bano y cuidado de la piel,Cocina,Cocina,Licuadoras,Dulces,Cocina,Licuadoras,Cocina,Cuidado corporal
Bebes,libros Infantiles,libros Infantiles,Camisas,Bebes,Bebes,personajes,Camisetas,Figuras Series TV,Camisetas,Figuras,Camisetas,Aviones trenes y barcos,Camisetas,Figuras,Figuras,libros Infantiles,Bebes,Chaquetas,Camisetas
Vestidos y faldas,Pijamas,Camisetas,Conjuntos,Vestidos y faldas,Vestidos y faldas,Bodies,Camisetas,Camisas,Camisas,Vestidos y faldas,Bodies,Bodies,Bodies,Pijamas,Pijamas,Pantalones,Vestidos y faldas,Pijamas,Bodies
Bebes,libros Infantiles,Camisetas,libros Infantiles,libros Infantiles,Camisas,Camisetas,Camisetas,Bebes,Camisetas,Camisetas,personajes,Camisetas,Aviones trenes y barcos,libros Infantiles,Carros,Figuras,Juegos de bebe,Figuras,Chaquetas
Vestidos y faldas,Vestidos y faldas,Pijamas,Pijamas,Camisetas,Bodies,Camisetas,Bodies,Vestidos y faldas,Camisetas,Camisetas,Camisas,Pijamas,Vestidos y faldas,Bodies,Conjuntos,Pantalones,Camisetas,Conjuntos,Conjuntos
nan,nan,nan,nan,nan,nan,nan,Bano y cuidado de la piel,Camisetas,nan,nan,nan,Toallas,Bermudas,Ropa Hombre,Bano y cuidado de la piel,Baberos y toallas,Camisetas,Lactancia,nan
Licuadoras,Exprimidores y extractores,Cocina,nan,Dulces,Licuadoras,Dulces,Asadores a Gas,Snacks,Licuadoras,Rostro,Exprimidores y extractores,Licuadoras,Cocina,Preparacion de alimentos,Preparacion de alimentos,Dulces,Pasabocas,Cocina,Licuadoras
nan,nan,nan,nan,Camisetas,nan,nan,nan,nan,nan,nan,nan,nan,Buzos,Baberos y toallas,Bermudas,Bodies,Vestidos y faldas,Camisetas,Bodies
Pijamas,Camisetas,Camisetas,Vestidos y faldas,Camisas,Vestidos y faldas,Camisetas,Conjuntos,Camisetas,Pantalones,Bebes,Camisetas,Camisetas,Camisetas,Conjuntos,Conjuntos,Vestidos y faldas,Camisetas,Cuidado de tu salud,Camisetas
nan,nan,nan,nan,nan,nan,nan,Camisetas,nan,nan,nan,nan,nan,nan,nan,nan,Ropa interior,Toallas,nan,nan
nan,nan,nan,nan,nan,nan,nan,nan,nan,nan,nan,nan,nan,Camisetas,Lactancia,nan,nan,nan,nan,Lactancia
Protectores y Fundas,King,Sencillo,Doble,Queen,King,Sencillo,King,Semidoble,Toallas,Toallas,Toallas,Toallas,Toallas,Semidoble,King,Sencillo,King,Semidoble,King
Pijamas,Vestidos y faldas,Vestidos y faldas,Camisetas,Camisetas,Pijamas,Vestidos y faldas,Conjuntos,Pantalones,Camisetas,Bodies,Bodies,Camisetas,Conjuntos,Conjuntos,Camisetas,Camisetas,Pijamas,Vestidos y faldas,Pijamas
